{
"skeleton": { "hash": "WB8tA5aNpmLsZGt3oWl41EVzzY8", "spine": "3.4.02", "width": 779, "height": 683.25, "images": "" },
"bones": [
	{ "name": "root" },
	{ "name": "mouthfg", "parent": "root", "x": 360.21, "y": -22.74 },
	{ "name": "tongue", "parent": "mouthfg", "x": -144.22, "y": 81.55 },
	{ "name": "bone", "parent": "tongue", "length": 72.75, "rotation": 178.6, "x": 4.09, "y": -5.01 },
	{ "name": "bone2", "parent": "bone", "length": 72.82, "rotation": 4.18, "x": 72.75 },
	{ "name": "bone3", "parent": "bone2", "length": 90.54, "rotation": -5.03, "x": 72.82 },
	{ "name": "bone4", "parent": "bone3", "length": 92.24, "rotation": 2.24, "x": 90.54 },
	{ "name": "bone5", "parent": "bone4", "length": 86.99, "rotation": -2.33, "x": 92.24 },
	{ "name": "bone6", "parent": "bone5", "length": 76.3, "rotation": 3.66, "x": 86.99 },
	{ "name": "bone7", "parent": "bone6", "length": 51.93, "rotation": -9.18, "x": 76.3 },
	{ "name": "bone8", "parent": "tongue", "x": 14.33, "y": -5.14 },
	{ "name": "bone9", "parent": "bone8", "x": -17.84, "y": 21.59 },
	{ "name": "bone10", "parent": "bone9", "x": 0.93, "y": -32.86 },
	{ "name": "headtop", "parent": "root", "x": 362.81, "y": 77.32, "color": "141414ff" },
	{ "name": "bone11", "parent": "headtop", "x": -145.35, "y": 73.91, "color": "141414ff" },
	{ "name": "bone12", "parent": "headtop", "x": -295.03, "y": 105.66, "color": "141414ff" },
	{ "name": "bone13", "parent": "headtop", "x": -428.85, "y": 120.4, "color": "141414ff" },
	{ "name": "bone14", "parent": "headtop", "x": -563.79, "y": 119.27, "color": "141414ff" },
	{ "name": "bone15", "parent": "headtop", "x": -670.39, "y": 126.07, "color": "141414ff" },
	{ "name": "bone16", "parent": "headtop", "x": -694.2, "y": 237.2, "color": "141414ff" },
	{ "name": "bone17", "parent": "headtop", "x": -566.06, "y": 257.61, "color": "141414ff" },
	{ "name": "bone18", "parent": "headtop", "x": -418.64, "y": 257.61, "color": "141414ff" },
	{ "name": "bone19", "parent": "headtop", "x": -261.01, "y": 238.34, "color": "141414ff" },
	{ "name": "bone20", "parent": "headtop", "x": -126.07, "y": 224.73, "color": "141414ff" },
	{ "name": "bone21", "parent": "headtop", "x": -98.85, "y": 382.35, "color": "141414ff" },
	{ "name": "bone22", "parent": "headtop", "x": -106.79, "y": 494.62, "color": "141414ff" },
	{ "name": "bone23", "parent": "headtop", "x": -268.95, "y": 486.68, "color": "141414ff" },
	{ "name": "bone24", "parent": "headtop", "x": -257.61, "y": 372.15, "color": "141414ff" },
	{ "name": "bone25", "parent": "headtop", "x": -417.51, "y": 367.61, "color": "141414ff" },
	{ "name": "bone26", "parent": "headtop", "x": -526.37, "y": 339.26, "color": "141414ff" },
	{ "name": "bone27", "parent": "headtop", "x": -442.45, "y": 488.95, "color": "141414ff" },
	{ "name": "bone28", "parent": "headtop", "x": -663.58, "y": 340.4, "color": "141414ff" },
	{ "name": "bone29", "parent": "headtop", "x": -570.6, "y": 431.12, "color": "141414ff" },
	{ "name": "bone30", "parent": "headtop", "x": -11.53, "y": 230.4, "color": "141414ff" },
	{ "name": "bone31", "parent": "headtop", "x": -3.6, "y": 386.89, "color": "141414ff" },
	{ "name": "bone32", "parent": "headtop", "x": -11.53, "y": 496.89, "color": "141414ff" },
	{ "name": "el1", "parent": "headtop", "x": -354.65, "y": 47.6 },
	{ "name": "el2", "parent": "headtop", "x": -469.97, "y": 52.85 },
	{ "name": "el3", "parent": "headtop", "x": -577.52, "y": 54.73 },
	{ "name": "mouthbg", "parent": "mouthfg", "x": -210.07, "y": 108.24 }
],
"slots": [
	{ "name": "images/mouthbg", "bone": "mouthbg", "attachment": "images/mouthbg" },
	{ "name": "images/tongue", "bone": "tongue", "attachment": "images/tongue" },
	{ "name": "images/mouthfg", "bone": "mouthfg", "attachment": "images/mouthfg" },
	{ "name": "images/headtop", "bone": "headtop", "attachment": "images/headtop" },
	{ "name": "images/eyelid1", "bone": "el1", "attachment": "images/eyelid1" },
	{ "name": "images/eyelid2", "bone": "el2", "attachment": "images/eyelid2" },
	{ "name": "images/eyelid3", "bone": "el3", "attachment": "images/eyelid3" },
	{ "name": "tonguepath", "bone": "tongue", "attachment": "tonguepath" }
],
"path": [
	{
		"name": "tongueconst",
		"bones": [ "bone", "bone2", "bone3", "bone4", "bone5", "bone6", "bone7" ],
		"target": "tonguepath",
		"spacingMode": "percent",
		"rotateMode": "chainScale",
		"spacing": 0.143
	}
],
"skins": {
	"default": {
		"images/eyelid1": {
			"images/eyelid1": {
				"type": "mesh",
				"uvs": [ 0.4575, 1, 0.29882, 0.97439, 0.13303, 0.84501, 0, 0.68189, 0, 0.53002, 0.11172, 0.29939, 0.27987, 0.04627, 0.44329, 0, 0.61619, 0, 0.79382, 0.13627, 0.9525, 0.36127, 0.98329, 0.67064, 0.82461, 0.85064, 0.66592, 0.98001, 0.89092, 0.60876, 0.75829, 0.68189, 0.57356, 0.71001, 0.38645, 0.71564, 0.18751, 0.64251, 0.20882, 0.42314, 0.37698, 0.35564, 0.55935, 0.28252, 0.75355, 0.34439 ],
				"triangles": [ 21, 7, 8, 21, 8, 9, 22, 21, 9, 20, 6, 7, 20, 7, 21, 5, 6, 20, 22, 9, 10, 19, 5, 20, 4, 5, 19, 14, 22, 10, 18, 4, 19, 14, 10, 11, 15, 22, 14, 3, 4, 18, 16, 21, 22, 16, 22, 15, 20, 21, 16, 17, 20, 16, 19, 20, 17, 18, 19, 17, 2, 3, 18, 2, 18, 17, 12, 15, 14, 12, 14, 11, 1, 2, 17, 12, 13, 16, 12, 16, 15, 0, 17, 16, 0, 16, 13, 1, 17, 0 ],
				"vertices": [ -1.61, -8, -7.64, -7.59, -13.94, -5.52, -19, -2.91, -19, -0.48, -14.75, 3.2, -8.35999, 7.25, -2.15, 8, 4.41, 8, 11.16, 5.81, 17.19, 2.21, 18.36, -2.73, 12.33, -5.61, 6.3, -7.68, 14.85, -1.74, 9.81, -2.91, 2.79, -3.36, -4.31, -3.45, -11.87, -2.28, -11.06, 1.22, -4.67, 2.3, 2.25, 3.47, 9.63, 2.48 ],
				"hull": 14,
				"edges": [ 0, 2, 2, 4, 4, 6, 6, 8, 8, 10, 10, 12, 12, 14, 14, 16, 16, 18, 18, 20, 20, 22, 22, 24, 24, 26, 0, 26 ],
				"width": 38,
				"height": 16
			}
		},
		"images/eyelid2": {
			"images/eyelid2": {
				"type": "mesh",
				"uvs": [ 0.98852, 0.80574, 0.84774, 0.90485, 0.64187, 1, 0.46023, 1, 0.28464, 0.97622, 0.1257, 0.84539, 0, 0.6987, 0, 0.42911, 0.09088, 0.18728, 0.2256, 0.01284, 0.39665, 0, 0.57981, 0, 0.71605, 0.10006, 0.86893, 0.25468, 0.98246, 0.40929, 0.09208, 0.5289, 0.21775, 0.64776, 0.34866, 0.77119, 0.5075, 0.75748, 0.67681, 0.70719, 0.83564, 0.64776, 0.7763, 0.41462, 0.64015, 0.33233, 0.48306, 0.26833, 0.32597, 0.3049, 0.19332, 0.36433 ],
				"triangles": [ 23, 10, 11, 23, 11, 12, 24, 9, 10, 24, 10, 23, 8, 9, 24, 22, 23, 12, 22, 12, 13, 25, 8, 24, 21, 22, 13, 21, 13, 14, 7, 8, 25, 15, 7, 25, 16, 25, 24, 15, 25, 16, 20, 21, 14, 6, 7, 15, 6, 15, 16, 19, 22, 21, 19, 21, 20, 18, 23, 22, 18, 22, 19, 24, 23, 18, 16, 24, 18, 17, 16, 18, 20, 14, 0, 5, 6, 16, 5, 16, 17, 1, 20, 0, 19, 20, 1, 4, 5, 17, 3, 17, 18, 4, 17, 3, 2, 18, 19, 2, 19, 1, 3, 18, 2 ],
				"vertices": [ 26.86, -6.42, 19.12, -8.5, 7.8, -10.5, -2.18, -10.5, -10.59, -11.58, -20.58, -7.25, -27.5, -4.17, -27.5, 1.48, -22.5, 6.56, -15.09, 10.22999, -5.68, 10.5, 4.38, 10.5, 11.88, 8.39, 20.29, 5.15, 26.53, 1.9, -22.43, -0.6, -15.52, -3.1, -8.32, -5.69, 0.41, -5.4, 9.72, -4.35, 18.45999, -3.1, 15.19, 1.79, 7.7, 3.52, -0.93, 4.86, -9.57, 4.09, -16.86, 2.84 ],
				"hull": 15,
				"edges": [ 0, 2, 2, 4, 4, 6, 6, 8, 8, 10, 10, 12, 12, 14, 14, 16, 16, 18, 18, 20, 20, 22, 22, 24, 24, 26, 26, 28, 0, 28 ],
				"width": 55,
				"height": 21
			}
		},
		"images/eyelid3": {
			"images/eyelid3": {
				"type": "mesh",
				"uvs": [ 0.96626, 0.75004, 0.68788, 1, 0.42184, 1, 0.12809, 0.88775, 0, 0.69575, 0.04667, 0.31776, 0.20409, 0.04776, 0.39681, 0, 0.61666, 0, 0.76052, 0.17376, 0.98852, 0.27576, 0.85649, 0.57337, 0.73392, 0.70045, 0.59278, 0.71671, 0.39778, 0.68376, 0.1935, 0.63083, 0.20093, 0.32959, 0.39592, 0.34613, 0.57235, 0.35231, 0.70235, 0.3767 ],
				"triangles": [ 16, 5, 6, 17, 6, 7, 16, 6, 17, 18, 7, 8, 18, 8, 9, 17, 7, 18, 19, 18, 9, 19, 9, 10, 11, 19, 10, 15, 5, 16, 15, 16, 17, 14, 17, 18, 15, 17, 14, 4, 5, 15, 12, 19, 11, 13, 18, 19, 13, 19, 12, 14, 18, 13, 0, 11, 10, 12, 11, 0, 3, 4, 15, 3, 15, 14, 2, 14, 13, 3, 14, 2, 1, 13, 12, 1, 12, 0, 2, 13, 1 ],
				"vertices": [ 19.58, -3.33, 7.89, -8.08, -3.28, -8.08, -15.61, -5.95, -21, -2.3, -19.03, 3.46, -12.42, 8.59, -4.33, 9.5, 4.9, 9.5, 10.94, 6.19, 20.51, 4.26, 14.97, -0.48, 9.82, -2.75, 3.89, -2.98, -4.29, -2.35999, -12.87, -1.42, -12.56, 3.48, -4.37, 3.25, 3.03, 3.17, 8.49, 2.78 ],
				"hull": 11,
				"edges": [ 0, 2, 2, 4, 4, 6, 6, 8, 8, 10, 10, 12, 12, 14, 14, 16, 16, 18, 18, 20, 0, 20 ],
				"width": 42,
				"height": 19
			}
		},
		"images/headtop": {
			"images/headtop": {
				"type": "mesh",
				"uvs": [ 1, 1, 0.90685, 1, 0.8115, 0.98249, 0.73841, 0.95725, 0.7194, 0.93819, 0.69771, 0.91734, 0.68878, 0.91057, 0.68415, 0.90966, 0.682, 0.91565, 0.67779, 0.91903, 0.67286, 0.92033, 0.66906, 0.91721, 0.66937, 0.912, 0.67142, 0.90875, 0.66824, 0.90563, 0.66341, 0.90823, 0.65848, 0.90823, 0.6554, 0.912, 0.65283, 0.91512, 0.65078, 0.91774, 0.64795, 0.91773, 0.64504, 0.91488, 0.64473, 0.91039, 0.6462, 0.90708, 0.64874, 0.906, 0.64897, 0.90103, 0.64604, 0.90103, 0.64435, 0.90435, 0.64242, 0.90796, 0.63981, 0.91137, 0.63734, 0.91313, 0.63542, 0.91713, 0.63203, 0.92191, 0.62748, 0.92249, 0.62217, 0.9221, 0.62024, 0.91878, 0.62155, 0.91469, 0.62717, 0.91244, 0.62236, 0.90945, 0.61664, 0.90704, 0.61168, 0.9043, 0.60952, 0.90704, 0.61041, 0.91235, 0.60711, 0.91573, 0.60253, 0.91445, 0.60063, 0.91106, 0.60139, 0.90511, 0.60393, 0.90269, 0.6005, 0.89819, 0.59618, 0.89481, 0.59097, 0.89416, 0.58639, 0.89448, 0.58093, 0.89384, 0.57345, 0.89159, 0.56694, 0.88931, 0.5625, 0.88545, 0.55848, 0.88738, 0.5582, 0.89335, 0.55432, 0.89686, 0.54933, 0.89563, 0.54808, 0.89159, 0.54878, 0.88843, 0.54448, 0.88404, 0.5442, 0.88948, 0.54337, 0.8951, 0.54143, 0.89985, 0.53713, 0.90125, 0.53269, 0.89897, 0.53075, 0.89458, 0.53186, 0.89071, 0.53464, 0.88808, 0.53062, 0.88369, 0.52438, 0.88176, 0.51675, 0.88035, 0.50968, 0.87895, 0.50414, 0.87965, 0.50067, 0.88123, 0.50231, 0.88405, 0.50352, 0.88854, 0.50129, 0.89264, 0.49721, 0.89365, 0.49374, 0.89105, 0.49194, 0.88682, 0.48848, 0.88341, 0.4854, 0.88015, 0.47949, 0.88081, 0.4741, 0.88048, 0.47025, 0.87918, 0.46563, 0.88064, 0.46563, 0.88406, 0.46293, 0.88698, 0.45857, 0.88715, 0.45626, 0.88243, 0.45215, 0.87853, 0.4483, 0.87609, 0.44586, 0.87853, 0.4504, 0.88177, 0.45167, 0.88502, 0.44913, 0.88836, 0.44493, 0.88861, 0.44098, 0.88731, 0.43771, 0.88484, 0.43474, 0.8815, 0.43112, 0.88172, 0.42646, 0.88219, 0.42131, 0.88379, 0.41665, 0.88666, 0.413, 0.88841, 0.40822, 0.88857, 0.40445, 0.8865, 0.40193, 0.88427, 0.39703, 0.8849, 0.39262, 0.88538, 0.38999, 0.89018, 0.38767, 0.89447, 0.38374, 0.89538, 0.37946, 0.89357, 0.37874, 0.88837, 0.38106, 0.88521, 0.37857, 0.88069, 0.375, 0.8791, 0.37, 0.87933, 0.36447, 0.87865, 0.35787, 0.87752, 0.35216, 0.87797, 0.34859, 0.88001, 0.34591, 0.88385, 0.34859, 0.88882, 0.34663, 0.89176, 0.34208, 0.89214, 0.33814, 0.88792, 0.33572, 0.8789, 0.33299, 0.88178, 0.32921, 0.88293, 0.32542, 0.87718, 0.32209, 0.87276, 0.31542, 0.87545, 0.30921, 0.87871, 0.30452, 0.88197, 0.30194, 0.88447, 0.30376, 0.88811, 0.30383, 0.89216, 0.30199, 0.89477, 0.29839, 0.89555, 0.2947, 0.8949, 0.29264, 0.89165, 0.29162, 0.88735, 0.28987, 0.88319, 0.28638, 0.87929, 0.28289, 0.87617, 0.2794, 0.87331, 0.2759, 0.87318, 0.2721, 0.87344, 0.26861, 0.87266, 0.26553, 0.87279, 0.26338, 0.87461, 0.26276, 0.87825, 0.26132, 0.88202, 0.25752, 0.88384, 0.25351, 0.88345, 0.24941, 0.88111, 0.24899, 0.8763, 0.25023, 0.872, 0.25279, 0.87005, 0.25249, 0.86615, 0.2493, 0.8642, 0.2455, 0.8616, 0.24232, 0.85783, 0.23883, 0.856, 0.23503, 0.8564, 0.23041, 0.85626, 0.22507, 0.85574, 0.22075, 0.85418, 0.2151, 0.85392, 0.2112, 0.8534, 0.20833, 0.85587, 0.20997, 0.85887, 0.21652, 0.85731, 0.21922, 0.86057, 0.21619, 0.86479, 0.20998, 0.86441, 0.20225, 0.86364, 0.19528, 0.86134, 0.19074, 0.85692, 0.18574, 0.85481, 0.1815, 0.85404, 0.17771, 0.85097, 0.17211, 0.85155, 0.16756, 0.85308, 0.16332, 0.85174, 0.16075, 0.8481, 0.15681, 0.85059, 0.15438, 0.85426, 0.15407, 0.85886, 0.15165, 0.86404, 0.14816, 0.86711, 0.14332, 0.86807, 0.14135, 0.86404, 0.14301, 0.85924, 0.13862, 0.8556, 0.13377, 0.8533, 0.12862, 0.8508, 0.12514, 0.84984, 0.12029, 0.85138, 0.11454, 0.85023, 0.11196, 0.85368, 0.11514, 0.85732, 0.11405, 0.86225, 0.11124, 0.86415, 0.107, 0.86424, 0.10369, 0.86102, 0.10023, 0.85732, 0.09622, 0.85527, 0.09206, 0.85429, 0.08716, 0.85661, 0.08254, 0.85661, 0.07779, 0.85563, 0.07471, 0.854, 0.0715, 0.85498, 0.07214, 0.85888, 0.07586, 0.8623, 0.07663, 0.8675, 0.07509, 0.87173, 0.07047, 0.8727, 0.06572, 0.8714, 0.06226, 0.86636, 0.05918, 0.86002, 0.05648, 0.85303, 0.05314, 0.84571, 0.04916, 0.83888, 0.04583, 0.83384, 0.04326, 0.82652, 0.0403, 0.81235, 0.04054, 0.78211, 0.03939, 0.75579, 0.0331, 0.7225, 0.02628, 0.69131, 0.01677, 0.66047, 0.01117, 0.62077, 0.00613, 0.58426, 0.0011, 0.54902, 0, 0.48627, 0.00214, 0.45549, 0.00851, 0.42424, 0.01328, 0.38593, 0.03128, 0.34011, 0.05506, 0.29852, 0.07703, 0.26021, 0.10137, 0.21934, 0.13138, 0.17918, 0.16874, 0.14046, 0.2112, 0.10389, 0.26838, 0.07162, 0.31538, 0.05799, 0.35161, 0.04365, 0.3935, 0.01712, 0.43596, 0.01067, 0.46087, 0.01282, 0.54964, 6.3E-4, 0.61305, 0, 0.68873, 0, 0.77526, 0, 0.85952, 0, 0.93809, 0, 1, 0, 1, 0.13105, 1, 0.43792, 1, 0.64412, 1, 0.86713, 0.92575, 0.08584, 0.84164, 0.08317, 0.74387, 0.07651, 0.64399, 0.08184, 0.54641, 0.08317, 0.44882, 0.08792, 0.3531, 0.11169, 0.27428, 0.13784, 0.20296, 0.18539, 0.15229, 0.23055, 0.10537, 0.28523, 0.07159, 0.3613, 0.05657, 0.43024, 0.04719, 0.50156, 0.05282, 0.58476, 0.07722, 0.6751, 0.09035, 0.74641, 0.09599, 0.80822, 0.16355, 0.80109, 0.2236, 0.8106, 0.28554, 0.82486, 0.35498, 0.83437, 0.42817, 0.832, 0.50512, 0.83199, 0.57194, 0.83288, 0.63328, 0.84842, 0.69259, 0.85878, 0.74266, 0.88859, 0.79847, 0.92252, 0.87214, 0.92535, 0.9458, 0.9197, 0.93688, 0.82073, 0.94134, 0.65955, 0.93241, 0.51817, 0.92795, 0.40507, 0.92348, 0.29196, 0.92348, 0.16754, 0.85205, 0.16189, 0.75159, 0.1421, 0.63997, 0.14775, 0.55961, 0.1421, 0.44353, 0.16754, 0.34307, 0.19582, 0.26271, 0.22975, 0.18904, 0.27782, 0.13323, 0.34286, 0.11091, 0.42769, 0.09974, 0.521, 0.11984, 0.59169, 0.14216, 0.66804, 0.14886, 0.72176, 0.86767, 0.83487, 0.86321, 0.7048, 0.86321, 0.56341, 0.85874, 0.4192, 0.85428, 0.29196, 0.73596, 0.26934, 0.65337, 0.26651, 0.55068, 0.25803, 0.45246, 0.26934, 0.36763, 0.27499, 0.2694, 0.28631, 0.20467, 0.34286, 0.17564, 0.42486, 0.16895, 0.52383, 0.18904, 0.59169, 0.20913, 0.6539, 0.22922, 0.73307, 0.29396, 0.74721, 0.352, 0.74438, 0.41451, 0.74438, 0.4971, 0.74721, 0.56407, 0.75004, 0.63551, 0.76135, 0.70248, 0.77831, 0.77168, 0.79811, 0.77838, 0.70762, 0.75829, 0.58321, 0.76498, 0.42203, 0.68016, 0.41355, 0.57747, 0.4192, 0.5105, 0.41638, 0.4212, 0.42769, 0.34754, 0.4192, 0.25601, 0.41072, 0.25601, 0.51252, 0.36986, 0.51534, 0.44799, 0.51534, 0.52389, 0.51252, 0.61765, 0.50969, 0.70918, 0.50969, 0.6489, 0.60583, 0.54621, 0.59452, 0.45022, 0.58886, 0.36986, 0.58886, 0.26717, 0.59169, 0.28056, 0.66238, 0.37209, 0.66804, 0.45022, 0.66238, 0.53952, 0.65673, 0.65113, 0.68218, 0.28056, 0.35134, 0.3587, 0.34003, 0.45022, 0.34569, 0.53952, 0.33155, 0.63997, 0.33155, 0.76052, 0.34286 ],
				"triangles": [ 1, 299, 0, 299, 268, 0, 2, 298, 1, 1, 298, 299, 3, 297, 2, 2, 297, 298, 297, 3, 296, 3, 4, 296, 4, 5, 296, 299, 298, 320, 298, 297, 320, 320, 297, 344, 32, 33, 37, 34, 35, 33, 37, 33, 36, 36, 33, 35, 32, 37, 31, 10, 11, 9, 320, 300, 299, 299, 300, 268, 13, 8, 9, 19, 20, 18, 20, 21, 18, 24, 22, 23, 18, 22, 24, 5, 6, 296, 9, 11, 12, 31, 37, 30, 43, 44, 42, 9, 12, 13, 8, 13, 7, 18, 24, 17, 18, 21, 22, 42, 44, 45, 42, 45, 41, 41, 46, 47, 46, 41, 45, 30, 37, 29, 29, 37, 28, 17, 24, 16, 27, 28, 37, 296, 6, 295, 295, 6, 7, 27, 37, 38, 14, 295, 7, 15, 16, 14, 14, 16, 25, 26, 27, 38, 26, 38, 39, 41, 47, 40, 16, 24, 25, 7, 13, 14, 14, 25, 295, 26, 39, 40, 294, 26, 40, 40, 47, 48, 65, 66, 64, 295, 25, 294, 40, 48, 294, 25, 26, 294, 64, 66, 67, 67, 68, 64, 64, 69, 70, 69, 64, 68, 48, 49, 294, 57, 58, 60, 58, 59, 60, 143, 141, 142, 114, 115, 117, 64, 70, 63, 143, 144, 145, 294, 49, 293, 140, 141, 143, 51, 52, 50, 118, 113, 114, 293, 49, 50, 293, 50, 52, 80, 81, 79, 118, 114, 117, 116, 117, 115, 60, 61, 57, 57, 61, 56, 79, 81, 78, 140, 143, 145, 128, 129, 126, 129, 130, 126, 128, 126, 127, 145, 139, 140, 145, 146, 139, 293, 52, 53, 81, 77, 78, 81, 82, 77, 113, 118, 112, 63, 70, 62, 55, 293, 53, 98, 99, 96, 297, 296, 344, 296, 295, 344, 108, 109, 107, 61, 62, 56, 107, 109, 106, 97, 98, 96, 70, 71, 62, 130, 131, 126, 56, 62, 55, 146, 147, 139, 95, 96, 99, 99, 100, 95, 100, 101, 95, 91, 92, 90, 90, 92, 89, 82, 76, 77, 82, 83, 76, 105, 106, 110, 106, 109, 110, 53, 54, 55, 55, 62, 293, 111, 112, 119, 112, 118, 119, 111, 119, 110, 101, 102, 95, 139, 147, 138, 105, 110, 291, 92, 88, 89, 62, 71, 293, 126, 131, 125, 157, 158, 156, 104, 105, 291, 293, 71, 292, 156, 158, 159, 83, 84, 76, 147, 148, 138, 133, 134, 132, 92, 93, 88, 103, 104, 291, 156, 159, 160, 161, 163, 156, 163, 161, 162, 138, 148, 137, 132, 134, 131, 292, 71, 72, 102, 103, 291, 94, 95, 102, 76, 84, 75, 156, 160, 161, 84, 85, 87, 119, 291, 110, 88, 93, 87, 85, 86, 87, 292, 72, 73, 75, 84, 292, 125, 131, 124, 74, 75, 292, 121, 122, 120, 148, 149, 137, 87, 292, 84, 291, 119, 120, 291, 292, 87, 73, 74, 292, 124, 131, 135, 136, 137, 150, 291, 120, 122, 87, 93, 94, 291, 94, 102, 156, 163, 155, 290, 123, 124, 290, 124, 135, 290, 291, 122, 122, 123, 290, 134, 135, 131, 137, 149, 150, 87, 94, 291, 135, 136, 289, 155, 163, 154, 152, 153, 151, 289, 136, 150, 289, 150, 151, 153, 154, 164, 151, 153, 289, 135, 289, 290, 222, 223, 221, 289, 153, 164, 220, 221, 223, 223, 224, 220, 224, 219, 220, 224, 225, 219, 164, 154, 163, 196, 197, 195, 268, 300, 267, 300, 301, 267, 194, 195, 198, 225, 226, 219, 164, 165, 289, 178, 179, 177, 181, 176, 180, 177, 179, 176, 179, 180, 176, 209, 210, 208, 289, 165, 167, 207, 208, 205, 195, 197, 198, 194, 198, 193, 181, 175, 176, 181, 182, 175, 206, 207, 205, 165, 166, 167, 182, 183, 175, 205, 208, 210, 210, 211, 205, 226, 218, 219, 226, 227, 218, 193, 198, 192, 192, 198, 199, 320, 344, 321, 344, 345, 321, 295, 343, 344, 295, 294, 343, 167, 168, 289, 211, 212, 205, 175, 183, 174, 214, 215, 213, 213, 215, 217, 168, 169, 288, 288, 169, 170, 289, 168, 288, 174, 183, 184, 170, 172, 288, 215, 216, 217, 192, 199, 191, 205, 212, 204, 217, 218, 228, 288, 174, 184, 204, 212, 213, 191, 199, 200, 172, 170, 171, 184, 185, 186, 213, 286, 204, 172, 173, 288, 173, 174, 288, 217, 286, 213, 288, 184, 186, 200, 201, 191, 187, 188, 190, 286, 217, 229, 188, 189, 190, 187, 190, 186, 203, 204, 202, 288, 186, 287, 190, 191, 201, 287, 190, 201, 202, 204, 286, 227, 228, 218, 202, 287, 201, 294, 342, 343, 294, 293, 342, 186, 190, 287, 287, 202, 286, 217, 228, 229, 286, 229, 231, 320, 321, 300, 290, 289, 338, 289, 337, 338, 290, 339, 291, 290, 338, 339, 229, 230, 231, 292, 341, 293, 293, 341, 342, 291, 340, 292, 291, 339, 340, 292, 340, 341, 231, 232, 286, 289, 288, 337, 300, 321, 301, 232, 233, 286, 288, 336, 337, 288, 287, 336, 233, 285, 286, 286, 285, 287, 285, 319, 287, 287, 319, 336, 344, 343, 345, 233, 234, 285, 345, 343, 369, 343, 342, 369, 342, 341, 369, 234, 235, 285, 340, 368, 341, 341, 368, 369, 338, 337, 365, 339, 367, 340, 340, 367, 368, 235, 284, 285, 319, 284, 318, 319, 285, 284, 337, 336, 365, 338, 366, 339, 338, 365, 366, 339, 366, 367, 319, 335, 336, 336, 335, 365, 235, 236, 284, 319, 318, 335, 321, 345, 346, 345, 369, 346, 321, 322, 301, 321, 346, 322, 236, 237, 284, 368, 360, 369, 369, 360, 346, 284, 238, 283, 284, 317, 318, 284, 283, 317, 318, 334, 335, 318, 317, 334, 365, 363, 366, 366, 363, 367, 335, 364, 365, 365, 364, 363, 363, 362, 367, 367, 362, 368, 284, 237, 238, 267, 301, 302, 368, 361, 360, 368, 362, 361, 335, 334, 364, 301, 322, 302, 302, 266, 267, 238, 239, 283, 361, 358, 360, 360, 359, 346, 360, 358, 359, 362, 357, 361, 361, 357, 358, 283, 316, 317, 317, 333, 334, 317, 316, 333, 334, 354, 364, 363, 364, 355, 334, 333, 354, 363, 356, 362, 364, 354, 355, 363, 355, 356, 362, 356, 357, 283, 240, 282, 283, 282, 316, 283, 239, 240, 346, 347, 322, 347, 323, 322, 346, 359, 347, 322, 323, 302, 240, 241, 282, 316, 315, 333, 333, 332, 354, 333, 315, 332, 316, 282, 315, 315, 282, 281, 323, 303, 302, 302, 303, 266, 355, 351, 356, 356, 350, 357, 356, 351, 350, 354, 352, 355, 355, 352, 351, 357, 349, 358, 357, 350, 349, 354, 353, 352, 354, 332, 353, 358, 348, 359, 359, 348, 347, 358, 349, 348, 241, 242, 282, 282, 242, 281, 242, 243, 281, 266, 304, 265, 243, 244, 281, 281, 280, 315, 281, 244, 280, 315, 314, 332, 315, 280, 314, 352, 371, 351, 351, 372, 350, 351, 371, 372, 332, 331, 353, 332, 314, 331, 348, 375, 347, 347, 375, 323, 375, 324, 323, 303, 324, 304, 303, 323, 324, 350, 373, 349, 349, 374, 348, 349, 373, 374, 353, 370, 352, 352, 370, 371, 350, 372, 373, 348, 374, 375, 325, 374, 326, 374, 325, 375, 353, 331, 370, 266, 303, 304, 244, 245, 280, 245, 246, 280, 280, 279, 314, 280, 246, 279, 331, 330, 370, 370, 330, 371, 371, 329, 372, 372, 328, 373, 372, 329, 328, 375, 325, 324, 314, 313, 331, 314, 279, 313, 331, 313, 330, 371, 330, 329, 373, 327, 374, 374, 327, 326, 373, 328, 327, 246, 247, 279, 324, 305, 304, 304, 305, 265, 325, 306, 324, 324, 306, 305, 313, 312, 330, 330, 312, 329, 247, 248, 279, 279, 278, 313, 279, 248, 278, 313, 277, 312, 313, 278, 277, 312, 311, 329, 328, 329, 310, 325, 307, 306, 307, 325, 308, 329, 311, 310, 328, 310, 327, 327, 308, 326, 325, 326, 308, 307, 272, 271, 272, 307, 308, 327, 309, 308, 327, 310, 309, 309, 310, 274, 309, 274, 273, 248, 249, 278, 278, 249, 277, 312, 276, 311, 312, 277, 276, 311, 275, 310, 311, 276, 275, 249, 250, 277, 277, 251, 276, 277, 250, 251, 310, 275, 274, 255, 274, 254, 305, 269, 265, 305, 306, 269, 307, 270, 306, 306, 270, 269, 308, 309, 272, 307, 271, 270, 309, 273, 272, 259, 273, 258, 273, 259, 272, 251, 252, 276, 276, 253, 275, 276, 252, 253, 265, 269, 264, 269, 263, 264, 255, 256, 274, 253, 254, 275, 274, 275, 254, 274, 257, 273, 274, 256, 257, 270, 262, 269, 269, 262, 263, 271, 261, 270, 270, 261, 262, 273, 257, 258, 272, 260, 271, 272, 259, 260, 271, 260, 261 ],
				"vertices": [ 4, 14, 170.05, -139.27, 0.87163, 17, 588.5, -184.63, 0, 24, 123.56, -447.72, 0, 33, 36.24, -295.76, 0.12836, 5, 14, 97.49, -139.27, 0.8972, 15, 247.18, -171.02, 0.00157, 17, 515.93, -184.63, 0, 24, 50.99, -447.72, 0, 33, -36.31, -295.76, 0.10122, 5, 14, 23.21, -128.51, 0.91751, 15, 172.9, -160.26, 0.03814, 17, 441.66, -173.87, 0, 24, -23.27, -436.95, 0, 33, -110.59, -285, 0.04434, 5, 14, -33.71, -112.98, 0.83924, 15, 115.97, -144.73, 0.15034, 17, 384.72, -158.34, 0, 24, -80.21, -421.43, 0, 33, -167.52, -269.47, 0.01041, 6, 14, -48.52, -101.26, 0.78497, 15, 101.16, -133.01, 0.20951, 16, 234.97, -147.75, 5.3E-4, 17, 369.92, -146.62, 0, 24, -95.01, -409.71, 0, 33, -182.33, -257.75, 0.00495, 7, 14, -65.42, -88.43, 0.67373, 15, 84.26, -120.19, 0.32007, 16, 218.07, -134.93, 0.00455, 17, 353.02, -133.79, 0, 22, 50.24, -252.86, 4.0E-5, 24, -111.91, -396.88, 0, 33, -199.23, -244.93, 0.0016, 6, 14, -72.37999, -84.27, 0.62145, 15, 77.3, -116.03, 0.37085, 16, 211.11, -130.77, 0.00703, 17, 346.06, -129.63, 0, 24, -118.87, -392.72, 0, 33, -206.19, -240.77, 6.5E-4, 7, 14, -75.98, -83.71, 0.59526, 15, 73.69999, -115.47, 0.39502, 16, 207.51, -130.21, 0.00927, 17, 342.46, -129.07, 0, 23, -95.26, -234.54, 0, 24, -122.47, -392.16, 0, 33, -209.79, -240.21, 4.4E-4, 6, 14, -77.66, -87.39, 0.57741, 15, 72.01999, -119.15, 0.41125, 16, 205.83, -133.89, 0.01104, 17, 340.78, -132.75, 0, 24, -124.15, -395.84, 0, 33, -211.47, -243.89, 2.9E-4, 6, 14, -80.94, -89.47, 0.5639, 15, 68.74, -121.23, 0.42343, 16, 202.55, -135.97, 0.01245, 17, 337.5, -134.83, 0, 24, -127.43, -397.92, 0, 33, -214.75, -245.97, 2.0E-4, 6, 14, -84.78, -90.27, 0.55586, 15, 64.9, -122.03, 0.43066, 16, 198.71, -136.77, 0.0133, 17, 333.66, -135.63, 0, 24, -131.27, -398.72, 0, 33, -218.59, -246.77, 1.5E-4, 6, 14, -87.74, -88.35, 0.54995, 15, 61.94, -120.11, 0.43585, 16, 195.75, -134.85, 0.01404, 17, 330.7, -133.71, 0, 24, -134.23, -396.8, 0, 33, -221.55, -244.85, 1.4E-4, 6, 14, -87.5, -85.15, 0.54474, 15, 62.18, -116.91, 0.44038, 16, 195.99, -131.65, 0.01473, 17, 330.94, -130.51, 0, 24, -133.99, -393.6, 0, 33, -221.31, -241.65, 1.3E-4, 6, 14, -85.9, -83.15, 0.54009, 15, 63.78, -114.91, 0.44437, 16, 197.59, -129.65, 0.01539, 17, 332.54, -128.51, 0, 24, -132.39, -391.6, 0, 33, -219.71, -239.65, 1.4E-4, 6, 14, -88.38, -81.23, 0.51816, 15, 61.3, -112.99, 0.46377, 16, 195.11, -127.73, 0.01799, 17, 330.06, -126.59, 0, 24, -134.87, -389.68, 0, 33, -222.19, -237.73, 5.0E-5, 6, 14, -92.14, -82.83, 0.49241, 15, 57.54, -114.59, 0.48465, 16, 191.35, -129.33, 0.02288, 17, 326.3, -128.19, 0, 24, -138.63, -391.28, 0, 33, -225.95, -239.33, 3.0E-5, 6, 14, -95.98, -82.83, 0.46832, 15, 53.7, -114.59, 0.50419, 16, 187.51, -129.33, 0.02746, 17, 322.46, -128.19, 0, 24, -142.47, -391.28, 0, 33, -229.79, -239.33, 1.0E-5, 6, 14, -98.38, -85.15, 0.4548, 15, 51.3, -116.91, 0.51538, 16, 185.11, -131.65, 0.02979, 17, 320.06, -130.51, 0, 24, -144.87, -393.6, 0, 33, -232.19, -241.65, 0, 6, 14, -100.38, -87.07, 0.44896, 15, 49.3, -118.83, 0.52029, 16, 183.11, -133.57, 0.03073, 17, 318.06, -132.43, 0, 24, -146.87, -395.52, 0, 33, -234.19, -243.57, 0, 6, 14, -101.98, -88.68, 0.44738, 15, 47.7, -120.43, 0.52161, 16, 181.51, -135.18, 0.03098, 17, 316.45, -134.04, 0, 24, -148.48, -397.13, 0, 33, -235.79, -245.17, 0, 6, 14, -104.18, -88.67, 0.44586, 15, 45.49, -120.43, 0.52288, 16, 179.3, -135.17, 0.03124, 17, 314.25, -134.03, 0, 24, -150.68, -397.12, 0, 33, -238, -245.17, 0, 5, 14, -106.45, -86.93, 0.4437, 15, 43.23, -118.68, 0.52463, 16, 177.04, -133.42, 0.03165, 17, 311.99, -132.29, 0, 24, -152.94, -395.37, 0, 5, 14, -106.69, -84.17, 0.44165, 15, 42.99, -115.92, 0.5262, 16, 176.8, -130.66, 0.03214, 17, 311.75, -129.53, 0, 24, -153.18, -392.61, 0, 6, 14, -105.55, -82.12999, 0.43987, 15, 44.13, -113.88, 0.52747, 16, 177.94, -128.62, 0.03265, 17, 312.89, -127.49, 0, 24, -152.04, -390.57, 0, 33, -239.36, -238.62, 0, 6, 14, -103.57, -81.47, 0.43831, 15, 46.11, -113.22, 0.52857, 16, 179.92, -127.96, 0.0331, 17, 314.87, -126.83, 0, 24, -150.06, -389.91, 0, 33, -237.38, -237.96, 0, 6, 14, -103.39, -78.41, 0.42401, 15, 46.29, -110.16, 0.53955, 16, 180.1, -124.9, 0.03642, 17, 315.05, -123.77, 0, 22, 12.27, -242.84, 0, 24, -149.88, -386.85, 0, 5, 14, -105.67, -78.41, 0.40943, 15, 44.01, -110.16, 0.55001, 16, 177.82, -124.9, 0.04053, 23, -124.95, -229.23, 0, 24, -152.16, -386.85, 0, 5, 14, -106.99, -80.44999, 0.39542, 15, 42.69, -112.2, 0.56015, 16, 176.5, -126.94, 0.04442, 23, -126.27, -231.27, 0, 24, -153.48, -388.89, 0, 5, 14, -108.49, -82.67, 0.382, 15, 41.18999, -114.42, 0.56982, 16, 175, -129.16, 0.04817, 23, -127.77, -233.49, 0, 24, -154.98, -391.11, 0, 5, 14, -110.53, -84.77, 0.36867, 15, 39.15, -116.52, 0.57941, 16, 172.96, -131.26, 0.0519, 23, -129.81, -235.59, 0, 24, -157.02, -393.21, 0, 4, 14, -112.45, -85.85, 0.36039, 15, 37.23, -117.6, 0.58537, 16, 171.04, -132.34, 0.05422, 24, -158.94, -394.29, 0, 4, 14, -113.95, -88.31, 0.35442, 15, 35.73, -120.06, 0.58973, 16, 169.54, -134.8, 0.05583, 24, -160.44, -396.75, 0, 4, 14, -116.59, -91.25, 0.34986, 15, 33.09, -123, 0.59306, 16, 166.9, -137.74, 0.05705, 24, -163.08, -399.69, 0, 4, 14, -120.13, -91.61, 0.34708, 15, 29.55, -123.36, 0.59504, 16, 163.36, -138.1, 0.05786, 24, -166.62, -400.05, 0, 4, 14, -124.27, -91.37, 0.34606, 15, 25.41, -123.12, 0.59585, 16, 159.22, -137.86, 0.05807, 24, -170.76, -399.81, 0, 4, 14, -125.77, -89.33, 0.34565, 15, 23.91, -121.08, 0.59608, 16, 157.72, -135.82, 0.05825, 24, -172.26, -397.77, 0, 4, 14, -124.75, -86.81, 0.34523, 15, 24.93, -118.56, 0.59627, 16, 158.74, -133.3, 0.05848, 24, -171.24, -395.25, 0, 4, 14, -120.37, -85.43, 0.34426, 15, 29.31, -117.18, 0.59638, 16, 163.12, -131.92, 0.05935, 24, -166.86, -393.87, 0, 4, 14, -124.12, -83.58999, 0.32681, 15, 25.56, -115.34, 0.60636, 16, 159.37, -130.08, 0.0668, 24, -170.61, -392.04, 0, 4, 14, -128.57, -82.1, 0.30605, 15, 21.1, -113.85, 0.61833, 16, 154.92, -128.6, 0.0756, 24, -175.07, -390.55, 0, 6, 14, -132.43, -80.42, 0.2874, 15, 17.24, -112.17, 0.62816, 16, 151.06, -126.91, 0.08441, 17, 286, -125.78, 0, 23, -151.71, -231.24, 0, 24, -178.93, -388.87, 0, 5, 14, -134.12, -82.1, 0.27794, 15, 15.56, -113.85, 0.63233, 16, 149.37, -128.6, 0.0897, 17, 284.32, -127.46, 1.0E-5, 24, -180.61, -390.55, 0, 5, 14, -133.42, -85.37, 0.27638, 15, 16.25, -117.12, 0.63327, 16, 150.07, -131.86, 0.09032, 17, 285.01, -130.73, 0, 24, -179.92, -393.82, 0, 4, 14, -136, -87.45, 0.27491, 15, 13.68, -119.2, 0.63406, 16, 147.49, -133.94, 0.091, 24, -182.49, -395.9, 0, 5, 14, -139.56, -86.66, 0.27317, 15, 10.12, -118.41, 0.63478, 16, 143.93, -133.15, 0.09203, 17, 278.87, -132.02, 0, 24, -186.06, -395.1, 0, 5, 14, -141.05, -84.58, 0.27188, 15, 8.63, -116.33, 0.63517, 16, 142.44, -131.07, 0.09293, 17, 277.39, -129.94, 0, 24, -187.54, -393.03, 0, 5, 14, -140.45, -80.91, 0.26962, 15, 9.22, -112.67, 0.63564, 16, 143.04, -127.41, 0.09469, 17, 277.98, -126.27, 2.0E-5, 24, -186.95, -389.36, 0, 6, 14, -138.47, -79.43, 0.26774, 15, 11.2, -111.18, 0.63593, 16, 145.02, -125.92, 0.09627, 17, 279.96, -124.79, 4.0E-5, 23, -157.75, -230.25, 0, 24, -184.97, -387.88, 0, 6, 14, -141.15, -76.66, 0.25185, 15, 8.53, -108.41, 0.64159, 16, 142.34, -123.15, 0.10645, 17, 277.29, -122.02, 9.0E-5, 23, -160.43, -227.48, 0, 24, -187.64, -385.11, 0, 6, 14, -144.51, -74.58, 0.23304, 15, 5.17, -106.33, 0.647, 16, 138.98, -121.07, 0.11975, 17, 273.92, -119.94, 1.8E-4, 23, -163.79, -225.4, 0, 24, -191.01, -383.03, 0, 6, 14, -148.57, -74.18, 0.2148, 15, 1.11, -105.93, 0.65089, 16, 134.92, -120.68, 0.13397, 17, 269.86, -119.54, 3.2E-4, 23, -167.85, -225, 0, 24, -195.07, -382.63, 0, 5, 14, -152.14, -74.37999, 0.19956, 15, -2.45, -106.13, 0.65392, 16, 131.35, -120.87, 0.14605, 17, 266.3, -119.74, 4.5E-4, 24, -198.63, -382.83, 0, 5, 14, -156.39, -73.98, 0.18242, 15, -6.7, -105.74, 0.6568, 16, 127.1, -120.48, 0.16012, 17, 262.04, -119.34, 6.3E-4, 24, -202.89, -382.43, 0, 5, 14, -162.22, -72.6, 0.16038, 15, -12.53, -104.35, 0.65766, 16, 121.27, -119.1, 0.18086, 17, 256.22, -117.96, 0.00107, 24, -208.71, -381.05, 0, 5, 14, -167.29, -71.19999, 0.14273, 15, -17.6, -102.95, 0.65244, 16, 116.2, -117.69, 0.20289, 17, 251.14, -116.56, 0.00192, 24, -213.79, -379.65, 0, 5, 14, -170.75, -68.82, 0.12816, 15, -21.06, -100.57, 0.64619, 16, 112.74, -115.32, 0.22284, 17, 247.69, -114.18, 0.00279, 24, -217.24, -377.27, 0, 5, 14, -173.88, -70.01, 0.11376, 15, -24.19, -101.76, 0.63921, 16, 109.61, -116.5, 0.24334, 17, 244.56, -115.37, 0.00368, 24, -220.37, -378.46, 0, 5, 14, -174.09, -73.68, 0.10996, 15, -24.41, -105.43, 0.63746, 16, 109.39, -120.18, 0.2487, 17, 244.34, -119.04, 0.00386, 24, -220.59, -382.13, 0, 5, 14, -177.12, -75.83999, 0.1066, 15, -27.43, -107.59, 0.63554, 16, 106.37, -122.34, 0.25374, 17, 241.32, -121.2, 0.0041, 24, -223.61, -384.29, 0, 5, 14, -181.01, -75.08999, 0.1038, 15, -31.32, -106.84, 0.63349, 16, 102.48, -121.58, 0.2583, 17, 237.43, -120.45, 0.00437, 24, -227.5, -383.53, 0, 5, 14, -181.98, -72.6, 0.10216, 15, -32.29, -104.35, 0.63219, 16, 101.51, -119.1, 0.26107, 17, 236.46, -117.96, 0.00455, 24, -228.47, -381.05, 0, 5, 14, -181.44, -70.66, 0.10098, 15, -31.75, -102.41, 0.6311, 16, 102.05, -117.15, 0.26317, 17, 237, -116.02, 0.00471, 24, -227.93, -379.11, 0, 5, 14, -184.79, -67.96, 0.08763, 15, -35.09999, -99.71, 0.62023, 16, 98.7, -114.45, 0.28594, 17, 233.65, -113.32, 0.00617, 24, -231.28, -376.41, 0, 5, 14, -185, -71.31, 0.08248, 15, -35.31, -103.06, 0.61457, 16, 98.49, -117.8, 0.29606, 17, 233.43, -116.67, 0.00687, 24, -231.5, -379.75, 0, 5, 14, -185.65, -74.76, 0.07987, 15, -35.96, -106.51, 0.61194, 16, 97.84, -121.26, 0.301, 17, 232.78, -120.12, 0.00717, 24, -232.15, -383.21, 0, 5, 14, -187.16, -77.68, 0.07882, 15, -37.47, -109.43, 0.61088, 16, 96.33, -124.17, 0.30298, 17, 231.27, -123.04, 0.00729, 24, -233.66, -386.13, 0, 5, 14, -190.51, -78.54, 0.07777, 15, -40.82, -110.29, 0.60968, 16, 92.98, -125.04, 0.30509, 17, 227.92, -123.9, 0.00743, 24, -237.01, -386.99, 0, 5, 14, -193.97, -77.14, 0.07695, 15, -44.28, -108.89, 0.60822, 16, 89.52, -123.63, 0.30715, 17, 224.47, -122.5, 0.00766, 24, -240.46, -385.59, 0, 5, 14, -195.48, -74.44, 0.0765, 15, -45.79, -106.19, 0.60697, 16, 88.01, -120.93, 0.30862, 17, 222.96, -119.8, 0.00789, 24, -241.97, -382.89, 0, 5, 14, -194.61, -72.06, 0.07616, 15, -44.93, -103.81, 0.60594, 16, 88.87, -118.56, 0.30978, 17, 223.82, -117.42, 0.00807, 24, -241.11, -380.51, 0, 5, 14, -192.45, -70.44, 0.07583, 15, -42.77, -102.19, 0.60465, 16, 91.03, -116.94, 0.31117, 17, 225.98, -115.8, 0.00832, 24, -238.95, -378.89, 0, 5, 14, -195.59, -67.74, 0.06806, 15, -45.9, -99.49, 0.59135, 16, 87.9, -114.24, 0.33017, 17, 222.85, -113.1, 0.0104, 24, -242.08, -376.19, 0, 5, 14, -200.45, -66.55, 0.0575, 15, -50.76, -98.31, 0.56985, 16, 83.04, -113.05, 0.35887, 17, 217.99, -111.91, 0.01376, 24, -246.94, -375, 0, 6, 14, -206.39, -65.69, 0.04732, 15, -56.7, -97.44, 0.54122, 16, 77.1, -112.18, 0.39313, 17, 212.05, -111.05, 0.0183, 21, 66.9, -249.4, 0, 24, -252.88, -374.14, 0, 6, 14, -211.89, -64.83, 0.03805, 15, -62.21, -96.58, 0.51235, 16, 71.58999, -111.32, 0.42628, 17, 206.54, -110.19, 0.02327, 21, 61.39, -248.53, 1.0E-5, 24, -258.39, -373.27, 0, 6, 14, -216.21, -65.26, 0.03156, 15, -66.53, -97.01, 0.48614, 16, 67.28, -111.75, 0.45335, 17, 202.22, -110.62, 0.02891, 21, 57.07, -248.97, 0, 24, -262.71, -373.71, 0, 6, 14, -218.91, -66.23, 0.02833, 15, -69.23, -97.98, 0.47091, 16, 64.58, -112.72, 0.46825, 17, 199.52, -111.59, 0.0325, 21, 54.37, -249.94, 0, 24, -265.41, -374.68, 0, 5, 14, -217.63, -67.96, 0.02769, 15, -67.94999, -99.72, 0.46865, 16, 65.86, -114.46, 0.47072, 17, 200.8, -113.32, 0.03291, 24, -264.13, -376.41, 0, 5, 14, -216.69, -70.72, 0.02714, 15, -67.01, -102.48, 0.4664, 16, 66.8, -117.22, 0.47306, 17, 201.74, -116.08, 0.03339, 24, -263.19, -379.17, 0, 5, 14, -218.43, -73.24, 0.02657, 15, -68.75, -105, 0.46397, 16, 65.06, -119.74, 0.47551, 17, 200, -118.6, 0.03393, 24, -264.93, -381.69, 0, 5, 14, -221.61, -73.87, 0.026, 15, -71.92, -105.62, 0.46108, 16, 61.88, -120.36, 0.47827, 17, 196.82, -119.23, 0.03463, 24, -268.11, -382.32, 0, 5, 14, -224.31, -72.26999, 0.02548, 15, -74.62, -104.02, 0.4579, 16, 59.18, -118.76, 0.48111, 17, 194.12, -117.63, 0.03548, 24, -270.81, -380.72, 0, 5, 14, -225.71, -69.67, 0.02487, 15, -76.01999, -101.42, 0.4538, 16, 57.78, -116.16, 0.48466, 17, 192.72, -115.03, 0.03664, 24, -272.21, -378.12, 0, 5, 14, -228.41, -67.57, 0.02289, 15, -78.72, -99.32, 0.44153, 16, 55.08, -114.06, 0.49553, 17, 190.02, -112.93, 0.04004, 24, -274.91, -376.02, 0, 5, 14, -230.81, -65.57, 0.02022, 15, -81.12, -97.32, 0.42498, 16, 52.68, -112.06, 0.51013, 17, 187.62, -110.93, 0.04464, 24, -277.31, -374.02, 0, 5, 14, -235.41, -65.97, 0.01651, 15, -85.72, -97.72, 0.3992, 16, 48.08, -112.46, 0.53173, 17, 183.02, -111.33, 0.05253, 24, -281.91, -374.42, 0, 6, 14, -239.61, -65.76999, 0.01386, 15, -89.92, -97.52, 0.37715, 16, 43.88, -112.26, 0.54891, 17, 178.82, -111.13, 0.06006, 21, 33.66999, -249.48, 0, 24, -286.11, -374.22, 0, 5, 14, -242.61, -64.97, 0.01199, 15, -92.92, -96.72, 0.36028, 16, 40.88, -111.46, 0.56163, 17, 175.82, -110.33, 0.06607, 24, -289.11, -373.42, 0, 5, 14, -246.21, -65.87, 0.0097, 15, -96.52, -97.62, 0.33804, 16, 37.28, -112.36, 0.57775, 17, 172.22, -111.23, 0.07449, 24, -292.71, -374.32, 0, 5, 14, -246.21, -67.97, 0.00934, 15, -96.52, -99.72, 0.33428, 16, 37.28, -114.46, 0.58028, 17, 172.22, -113.33, 0.07609, 24, -292.71, -376.42, 0, 5, 14, -248.31, -69.76999, 0.00884, 15, -98.62, -101.52, 0.32904, 16, 35.18, -116.26, 0.58376, 17, 170.12, -115.13, 0.07835, 24, -294.81, -378.22, 0, 5, 14, -251.71, -69.87, 0.00828, 15, -102.02, -101.62, 0.32231, 16, 31.78, -116.36, 0.58797, 17, 166.72, -115.23, 0.08141, 24, -298.21, -378.32, 0, 5, 14, -253.51, -66.97, 0.00775, 15, -103.82, -98.72, 0.31556, 16, 29.98, -113.46, 0.5921, 17, 164.92, -112.33, 0.08457, 24, -300.01, -375.42, 0, 5, 14, -256.71, -64.57, 0.00638, 15, -107.02, -96.32, 0.29624, 16, 26.78, -111.06, 0.60294, 17, 161.72, -109.93, 0.09441, 24, -303.21, -373.02, 0, 5, 14, -259.71, -63.07, 0.00501, 15, -110.02, -94.82, 0.27669, 16, 23.78, -109.56, 0.61365, 17, 158.72, -108.43, 0.10463, 24, -306.21, -371.52, 0, 5, 14, -261.61, -64.57, 0.0042, 15, -111.92, -96.32, 0.26344, 16, 21.88, -111.06, 0.61978, 17, 156.82, -109.93, 0.11255, 24, -308.11, -373.02, 0, 5, 14, -258.07, -66.56, 0.00391, 15, -108.39, -98.31, 0.26014, 16, 25.42, -113.05, 0.6217, 17, 160.36, -111.92, 0.11422, 24, -304.57, -375.01, 0, 5, 14, -257.09, -68.56, 0.00385, 15, -107.4, -100.31, 0.25918, 16, 26.4, -115.06, 0.62218, 17, 161.35, -113.92, 0.11478, 24, -303.58, -377.01, 0, 5, 14, -259.06, -70.61, 0.00377, 15, -109.38, -102.37, 0.2578, 16, 24.43, -117.11, 0.62278, 17, 159.37, -115.97, 0.11564, 24, -305.56, -379.06, 0, 5, 14, -262.33, -70.76999, 0.00368, 15, -112.64, -102.52, 0.25573, 16, 21.16, -117.26, 0.62352, 17, 156.1, -116.13, 0.11704, 24, -308.83, -379.21, 0, 5, 14, -265.41, -69.97, 0.00347, 15, -115.72, -101.72, 0.25096, 16, 18.08, -116.46, 0.62526, 17, 153.03, -115.33, 0.12029, 24, -311.9, -378.42, 0, 5, 14, -267.96, -68.44999, 0.00313, 15, -118.27, -100.2, 0.24363, 16, 15.53, -114.94, 0.62795, 17, 150.48, -113.81, 0.12526, 24, -314.45, -376.9, 0, 5, 14, -270.27, -66.4, 0.00265, 15, -120.59, -98.15, 0.23303, 16, 13.22, -112.89, 0.63186, 17, 148.16, -111.76, 0.13245, 24, -316.77, -374.84, 0, 5, 14, -273.09, -66.53, 0.00214, 15, -123.41, -98.28, 0.21971, 16, 10.39999, -113.02, 0.63507, 17, 145.34, -111.89, 0.14305, 24, -319.59, -374.98, 0, 5, 14, -276.72, -66.82, 0.00163, 15, -127.03, -98.57, 0.20431, 16, 6.77, -113.32, 0.63735, 17, 141.72, -112.18, 0.15668, 24, -323.21, -375.27, 0, 5, 14, -280.74, -67.8, 0.00116, 15, -131.05, -99.55, 0.18897, 16, 2.75, -114.3, 0.63868, 17, 137.7, -113.16, 0.17116, 24, -327.23, -376.25, 0, 5, 14, -284.36, -69.57, 8.4E-4, 15, -134.68, -101.32, 0.17635, 16, -0.86, -116.06, 0.63899, 17, 134.07, -114.93, 0.18381, 24, -330.86, -378.01, 0, 5, 14, -287.21, -70.64, 6.6E-4, 15, -137.52, -102.4, 0.16851, 16, -3.71, -117.14, 0.63877, 17, 131.23, -116, 0.19204, 24, -333.7, -379.09, 0, 5, 14, -290.93, -70.74, 4.8E-4, 15, -141.24, -102.49, 0.15955, 16, -7.43, -117.24, 0.63803, 17, 127.51, -116.1, 0.20192, 24, -337.42, -379.19, 0, 5, 14, -293.87, -69.47, 3.6E-4, 15, -144.18, -101.22, 0.15193, 16, -10.37, -115.96, 0.63693, 17, 124.57, -114.83, 0.21076, 24, -340.36, -377.92, 0, 5, 14, -295.83, -68.1, 2.6E-4, 15, -146.14, -99.85, 0.14546, 16, -12.33, -114.59, 0.63551, 17, 122.61, -113.46, 0.21873, 24, -342.32, -376.54, 0, 5, 14, -299.65, -68.49, 1.6E-4, 15, -149.96, -100.24, 0.13371, 16, -16.15, -114.98, 0.63137, 17, 118.78, -113.85, 0.23475, 24, -346.15, -376.94, 0, 5, 14, -303.08, -68.78, 8.0E-5, 15, -153.39, -100.53, 0.12333, 16, -19.58, -115.28, 0.62711, 17, 115.35, -114.14, 0.24945, 24, -349.58, -377.23, 0, 5, 14, -305.14, -71.73, 3.0E-5, 15, -155.45, -103.48, 0.11754, 16, -21.64, -118.23, 0.62487, 17, 113.3, -117.09, 0.25753, 24, -351.63, -380.18, 0, 5, 14, -306.94, -74.37, 1.0E-5, 15, -157.26, -106.12, 0.11545, 16, -23.44, -120.87, 0.62407, 17, 111.49, -119.73, 0.26045, 24, -353.44, -382.82, 0, 6, 14, -310, -74.93, 0, 15, -160.31, -106.68, 0.11364, 16, -26.5, -121.42, 0.62316, 18, 215.03, -127.09, 0, 17, 108.43, -120.29, 0.26317, 24, -356.5, -383.38, 0, 5, 15, -163.65, -105.57, 0.11232, 16, -29.84, -120.31, 0.62233, 18, 211.69, -125.98, 0, 17, 105.1, -119.18, 0.26532, 24, -359.83, -382.26, 0, 6, 14, -313.89, -70.62, 0, 15, -164.21, -102.37, 0.1112, 16, -30.39, -117.11, 0.62149, 18, 211.14, -122.78, 1.0E-5, 17, 104.54, -115.98, 0.26728, 24, -360.39, -379.07, 0, 6, 14, -312.09, -68.67, 0, 15, -162.4, -100.43, 0.1104, 16, -28.59, -115.17, 0.62069, 18, 212.94, -120.84, 2.0E-5, 17, 106.35, -114.03, 0.26886, 24, -358.58, -377.12, 0, 6, 14, -314.03, -65.89, 0, 15, -164.35, -97.65, 0.10276, 16, -30.53, -112.39, 0.61481, 18, 211, -118.06, 1.2E-4, 17, 104.4, -111.25, 0.28228, 24, -360.53, -374.34, 0, 6, 14, -316.81, -64.92, 0, 15, -167.13, -96.67, 0.09335, 16, -33.31, -111.41, 0.60605, 18, 208.22, -117.08, 3.2E-4, 17, 101.62, -110.28, 0.30025, 24, -363.31, -373.37, 0, 5, 15, -171.02, -96.81, 0.08326, 16, -37.21, -111.55, 0.59414, 18, 204.33, -117.22, 6.7E-4, 17, 97.73, -110.42, 0.32191, 24, -367.2, -373.51, 0, 5, 15, -175.33, -96.39, 0.07391, 16, -41.50999, -111.14, 0.58032, 18, 200.02, -116.81, 0.00119, 17, 93.42, -110, 0.34456, 24, -371.51, -373.09, 0, 5, 15, -180.47, -95.7, 0.06276, 16, -46.66, -110.44, 0.56107, 18, 194.87, -116.11, 0.00211, 17, 88.28, -109.31, 0.37403, 24, -376.65, -372.4, 0, 5, 15, -184.92, -95.98, 0.05378, 16, -51.11, -110.72, 0.54232, 18, 190.43, -116.39, 0.00325, 17, 83.83, -109.59, 0.40062, 24, -381.1, -372.67, 0, 5, 15, -187.7, -97.23, 0.0485, 16, -53.89, -111.97, 0.53004, 18, 187.65, -117.64, 0.0041, 17, 81.05, -110.84, 0.41734, 24, -383.88, -373.92, 0, 5, 15, -189.78, -99.59, 0.04535, 16, -55.97, -114.33, 0.5218, 18, 185.56, -120, 0.00476, 17, 78.97, -113.2, 0.42807, 24, -385.96, -376.29, 0, 5, 15, -187.7, -102.65, 0.04468, 16, -53.89, -117.39, 0.52047, 18, 187.65, -123.06, 0.00477, 17, 81.05, -116.26, 0.43005, 24, -383.88, -379.35, 0, 5, 15, -189.23, -104.46, 0.04438, 16, -55.41, -119.2, 0.51979, 18, 186.12, -124.87, 0.0048, 17, 79.51999, -118.06, 0.43101, 24, -385.41, -381.15, 0, 5, 15, -192.77, -104.69, 0.04379, 16, -58.95, -119.43, 0.51805, 18, 182.58, -125.1, 0.00498, 17, 75.98, -118.3, 0.43315, 24, -388.95, -381.39, 0, 5, 15, -195.83, -102.1, 0.04272, 16, -62.02, -116.84, 0.51448, 18, 179.51, -122.51, 0.00542, 17, 72.91, -115.7, 0.43735, 24, -392.02, -378.79, 0, 5, 15, -197.72, -96.55, 0.03928, 16, -63.91, -111.29, 0.5026, 18, 177.62, -116.96, 0.00696, 17, 71.03, -110.16, 0.45115, 24, -393.9, -373.25, 0, 5, 15, -199.85, -98.32, 0.03703, 16, -66.03, -113.06, 0.49421, 18, 175.5, -118.73, 0.0081, 17, 68.9, -111.93, 0.46064, 24, -396.03, -375.02, 0, 5, 15, -202.8, -99.03, 0.03503, 16, -68.98, -113.77, 0.48656, 18, 172.55, -119.44, 0.00918, 17, 65.94999, -112.64, 0.46921, 24, -398.98, -375.72, 0, 5, 15, -205.75, -95.49, 0.03154, 16, -71.93, -110.23, 0.47283, 18, 169.6, -115.9, 0.01122, 17, 63, -109.1, 0.48439, 24, -401.93, -372.18, 0, 5, 15, -208.34, -92.77, 0.0274, 16, -74.53, -107.52, 0.4549, 18, 167, -113.19, 0.01426, 17, 60.41, -106.38, 0.50342, 24, -404.52, -369.47, 0, 5, 15, -213.53, -94.43, 0.0218, 16, -79.72, -109.17, 0.42514, 18, 161.81, -114.84, 0.02066, 17, 55.21, -108.03, 0.53238, 24, -409.72, -371.12, 0, 5, 15, -218.37, -96.43, 0.01761, 16, -84.56, -111.17, 0.40064, 18, 156.97, -116.84, 0.02645, 17, 50.38, -110.04, 0.55528, 24, -414.55, -373.13, 0, 5, 15, -222.03, -98.44, 0.0148, 16, -88.22, -113.18, 0.3839, 18, 153.31, -118.85, 0.03049, 17, 46.72, -112.05, 0.57079, 24, -418.21, -375.13, 0, 5, 15, -224.04, -99.97, 0.01342, 16, -90.22, -114.71, 0.37536, 18, 151.31, -120.38, 0.03266, 17, 44.71, -113.58, 0.57854, 24, -420.22, -376.67, 0, 5, 15, -222.62, -102.21, 0.01312, 16, -88.81, -116.96, 0.374, 18, 152.72, -122.63, 0.03283, 17, 46.13, -115.82, 0.58003, 24, -418.8, -378.91, 0, 5, 15, -222.57, -104.7, 0.01291, 16, -88.75, -119.45, 0.37289, 18, 152.78, -125.12, 0.03305, 17, 46.18, -118.31, 0.58113, 24, -418.75, -381.4, 0, 5, 15, -224, -106.31, 0.01274, 16, -90.19, -121.05, 0.37195, 18, 151.34, -126.72, 0.03326, 17, 44.75, -119.92, 0.58203, 24, -420.18, -383, 0, 5, 15, -226.8, -106.79, 0.01254, 16, -92.99, -121.53, 0.37061, 18, 148.54, -127.2, 0.03362, 17, 41.95, -120.4, 0.58322, 24, -422.98, -383.48, 0, 5, 15, -229.68, -106.39, 0.01234, 16, -95.87, -121.13, 0.36884, 18, 145.66, -126.8, 0.03427, 17, 39.07, -120, 0.58453, 24, -425.86, -383.08, 0, 5, 15, -231.28, -104.39, 0.01218, 16, -97.47, -119.13, 0.36732, 18, 144.06, -124.8, 0.03485, 17, 37.47, -118, 0.58562, 24, -427.46, -381.08, 0, 5, 15, -232.08, -101.75, 0.012, 16, -98.27, -116.49, 0.36509, 18, 143.27, -122.16, 0.03582, 17, 36.66999, -115.36, 0.58705, 24, -428.26, -378.44, 0, 5, 15, -233.44, -99.19, 0.01144, 16, -99.63, -113.93, 0.35859, 18, 141.91, -119.6, 0.03863, 17, 35.31, -112.8, 0.59131, 24, -429.62, -375.88, 0, 5, 15, -236.16, -96.79, 0.01025, 16, -102.35, -111.53, 0.34574, 18, 139.18, -117.2, 0.04401, 17, 32.59, -110.4, 0.59998, 24, -432.34, -373.48, 0, 5, 15, -238.88, -94.87, 0.00905, 16, -105.07, -109.61, 0.33212, 18, 136.46, -115.28, 0.04988, 17, 29.87, -108.48, 0.60893, 24, -435.06, -371.56, 0, 5, 15, -241.6, -93.11, 0.00775, 16, -107.79, -107.85, 0.31739, 18, 133.74, -113.52, 0.0563, 17, 27.15, -106.72, 0.61852, 24, -437.78, -369.8, 0, 5, 15, -244.32, -93.03, 0.00677, 16, -110.51, -107.77, 0.30485, 18, 131.03, -113.44, 0.06243, 17, 24.43, -106.64, 0.62593, 24, -440.5, -369.72, 0, 5, 15, -247.28, -93.19, 0.00581, 16, -113.47, -107.93, 0.29176, 18, 128.06, -113.6, 0.06917, 17, 21.47, -106.8, 0.63322, 24, -443.46, -369.88, 0, 5, 15, -250, -92.71, 0.00492, 16, -116.19, -107.45, 0.2795, 18, 125.34, -113.12, 0.0756, 17, 18.75, -106.32, 0.63996, 24, -446.18, -369.4, 0, 5, 15, -252.4, -92.79, 0.00412, 16, -118.59, -107.53, 0.26799, 18, 122.94, -113.2, 0.08211, 17, 16.35, -106.4, 0.64575, 24, -448.58, -369.48, 0, 5, 15, -254.08, -93.91, 0.00371, 16, -120.27, -108.65, 0.26153, 18, 121.27, -114.32, 0.08611, 17, 14.67, -107.52, 0.64863, 24, -450.26, -370.6, 0, 5, 15, -254.56, -96.15, 0.00349, 16, -120.75, -110.89, 0.25853, 18, 120.79, -116.56, 0.08778, 17, 14.19, -109.76, 0.65018, 24, -450.74, -372.84, 0, 5, 15, -255.68, -98.47, 0.00334, 16, -121.87, -113.21, 0.25623, 18, 119.67, -118.88, 0.08916, 17, 13.07, -112.08, 0.65125, 24, -451.86, -375.16, 0, 5, 15, -258.64, -99.59, 0.00315, 16, -124.83, -114.33, 0.25333, 18, 116.7, -120, 0.09095, 17, 10.10999, -113.2, 0.65255, 24, -454.82, -376.28, 0, 5, 15, -261.76, -99.35, 0.00302, 16, -127.95, -114.09, 0.25081, 18, 113.58, -119.76, 0.09274, 17, 6.99, -112.96, 0.6534, 24, -457.94, -376.04, 0, 5, 15, -264.96, -97.91, 0.00296, 16, -131.15, -112.65, 0.24888, 18, 110.38, -118.32, 0.09431, 17, 3.79, -111.52, 0.65384, 24, -461.14, -374.6, 0, 5, 15, -265.28, -94.95, 0.00292, 16, -131.47, -109.69, 0.24735, 18, 110.06, -115.36, 0.09565, 17, 3.47, -108.56, 0.65406, 24, -461.46, -371.64, 0, 5, 15, -264.32, -92.31, 0.00292, 16, -130.51, -107.05, 0.24579, 18, 111.02, -112.72, 0.09725, 17, 4.42999, -105.92, 0.65402, 24, -460.5, -369, 0, 5, 15, -262.32, -91.11, 0.00292, 16, -128.51, -105.85, 0.24453, 18, 113.02, -111.52, 0.09857, 17, 6.43, -104.72, 0.65394, 24, -458.5, -367.8, 0, 5, 15, -262.56, -88.71, 0.00275, 16, -128.75, -103.45, 0.23796, 18, 112.78, -109.12, 0.10428, 17, 6.19, -102.32, 0.65499, 24, -458.74, -365.4, 0, 5, 15, -265.04, -87.51, 0.00242, 16, -131.23, -102.25, 0.22637, 18, 110.3, -107.92, 0.11447, 17, 3.71, -101.12, 0.65673, 24, -461.22, -364.2, 0, 5, 15, -268, -85.91, 0.00202, 16, -134.19, -100.65, 0.21237, 18, 107.34, -106.32, 0.12693, 17, 0.75, -99.52, 0.65866, 24, -464.18, -362.6, 0, 5, 15, -270.48, -83.58999, 0.00162, 16, -136.67, -98.33, 0.19747, 18, 104.86, -104, 0.14067, 17, -1.72, -97.2, 0.66021, 24, -466.66, -360.28, 0, 5, 15, -273.2, -82.47, 0.00124, 16, -139.39, -97.21, 0.18045, 18, 102.14, -102.88, 0.15909, 17, -4.44, -96.08, 0.6592, 24, -469.38, -359.16, 0, 5, 15, -276.16, -82.71, 9.7E-4, 16, -142.35, -97.45, 0.16701, 18, 99.18, -103.12, 0.1753, 17, -7.4, -96.32, 0.65669, 24, -472.34, -359.4, 0, 5, 15, -279.76, -82.62999, 7.0E-4, 16, -145.95, -97.37, 0.15185, 18, 95.58, -103.04, 0.19423, 17, -11, -96.24, 0.65319, 24, -475.94, -359.32, 0, 5, 15, -283.92, -82.31, 4.3E-4, 16, -150.11, -97.05, 0.13521, 18, 91.42, -102.72, 0.21592, 17, -15.16, -95.92, 0.64843, 24, -480.1, -359, 0, 5, 15, -287.28, -81.35, 2.6E-4, 16, -153.47, -96.09, 0.1217, 18, 88.06, -101.76, 0.23663, 17, -18.52, -94.96, 0.64139, 24, -483.46, -358.04, 0, 5, 15, -291.68, -81.19, 1.5E-4, 16, -157.87, -95.93, 0.10604, 18, 83.66, -101.6, 0.2669, 17, -22.92, -94.8, 0.6269, 24, -487.86, -357.88, 0, 5, 15, -294.72, -80.87, 9.0E-5, 16, -160.91, -95.61, 0.09568, 18, 80.62, -101.28, 0.28775, 17, -25.96, -94.48, 0.61645, 24, -490.9, -357.56, 0, 5, 15, -296.96, -82.39, 4.0E-5, 16, -163.15, -97.13, 0.08637, 18, 78.37999, -102.8, 0.30728, 17, -28.2, -96, 0.60628, 24, -493.14, -359.08, 0, 5, 15, -295.68, -84.23, 1.0E-5, 16, -161.87, -98.97, 0.08266, 18, 79.66, -104.64, 0.31375, 17, -26.92, -97.84, 0.60355, 24, -491.86, -360.92, 0, 5, 15, -290.58, -83.26999, 0, 16, -156.77, -98.01, 0.0819, 18, 84.76, -103.68, 0.3138, 17, -21.82, -96.88, 0.60428, 24, -486.76, -359.96, 0, 4, 16, -154.67, -100.02, 0.08181, 18, 86.86, -105.69, 0.31384, 17, -19.71999, -98.88, 0.60433, 24, -484.66, -361.97, 0, 5, 15, -290.84, -87.87, 0, 16, -157.03, -102.61, 0.08182, 18, 84.5, -108.28, 0.31402, 17, -22.08, -101.48, 0.60414, 24, -487.02, -364.57, 0, 5, 15, -295.68, -87.63, 0, 16, -161.87, -102.38, 0.08199, 18, 79.67, -108.05, 0.31489, 17, -26.92, -101.24, 0.60309, 24, -491.86, -364.33, 0, 5, 15, -301.7, -87.16, 0, 16, -167.88, -101.9, 0.07803, 18, 73.65, -107.57, 0.32617, 17, -32.93999, -100.77, 0.59578, 24, -497.88, -363.86, 0, 5, 15, -307.12, -85.75, 0, 16, -173.31, -100.49, 0.07078, 18, 68.22, -106.16, 0.34677, 17, -38.37, -99.35, 0.58243, 24, -503.31, -362.44, 0, 4, 16, -176.85, -97.77, 0.06328, 18, 64.68, -103.44, 0.36958, 17, -41.91, -96.64, 0.56713, 24, -506.85, -359.73, 0, 4, 16, -180.75, -96.48, 0.05541, 18, 60.79, -102.15, 0.39655, 17, -45.8, -95.34, 0.54803, 24, -510.74, -358.43, 0, 4, 16, -184.05, -96, 0.04934, 18, 57.48, -101.67, 0.41933, 17, -49.1, -94.87, 0.53131, 24, -514.04, -357.96, 0, 4, 16, -187, -94.12, 0.04297, 18, 54.53, -99.79, 0.4433, 17, -52.05, -92.98, 0.51371, 24, -516.99, -356.07, 0, 4, 16, -191.37, -94.47, 0.03528, 18, 50.17, -100.14, 0.47832, 17, -56.42, -93.34, 0.48639, 24, -521.36, -356.42, 0, 4, 16, -194.91, -95.41, 0.03066, 18, 46.63, -101.08, 0.50331, 17, -59.96, -94.28, 0.46601, 24, -524.9, -357.37, 0, 4, 16, -198.21, -94.59, 0.02655, 18, 43.32, -100.26, 0.52577, 17, -63.26, -93.45, 0.44766, 24, -528.2, -356.54, 0, 4, 16, -200.22, -92.35, 0.023, 18, 41.32, -98.02, 0.54534, 17, -65.26999, -91.21, 0.43165, 24, -530.21, -354.3, 0, 4, 16, -203.28, -93.88, 0.0189, 18, 38.25, -99.55, 0.57409, 17, -68.33999, -92.75, 0.407, 24, -533.28, -355.83, 0, 4, 16, -205.18, -96.13, 0.01651, 18, 36.34999, -101.8, 0.5913, 17, -70.23, -95, 0.39218, 24, -535.17, -358.09, 0, 4, 16, -205.41, -98.97, 0.01536, 18, 36.12, -104.64, 0.6, 17, -70.47, -97.83, 0.38462, 24, -535.41, -360.92, 0, 4, 16, -207.3, -102.15, 0.0142, 18, 34.23, -107.82, 0.60922, 17, -72.36, -101.02, 0.37657, 24, -537.3, -364.11, 0, 4, 16, -210.02, -104.04, 0.01351, 18, 31.52, -109.71, 0.61488, 17, -75.07, -102.91, 0.37159, 24, -540.01, -365.99, 0, 4, 16, -213.79, -104.63, 0.01312, 18, 27.74, -110.3, 0.61848, 17, -78.85, -103.5, 0.36839, 24, -543.79, -366.58, 0, 4, 16, -215.33, -102.15, 0.01289, 18, 26.21, -107.82, 0.62085, 17, -80.37999, -101.02, 0.36624, 24, -545.32, -364.11, 0, 4, 16, -214.03, -99.2, 0.01271, 18, 27.5, -104.87, 0.62361, 17, -79.08, -98.07, 0.36367, 24, -544.02, -361.16, 0, 4, 16, -217.45, -96.96, 0.01093, 18, 24.08, -102.63, 0.64114, 17, -82.5, -95.83, 0.34791, 24, -547.44, -358.91, 0, 4, 16, -221.23, -95.54, 0.0091, 18, 20.31, -101.21, 0.66361, 17, -86.28, -94.41, 0.32727, 24, -551.22, -357.5, 0, 4, 16, -225.24, -94.01, 0.00722, 18, 16.29, -99.68, 0.68965, 17, -90.29, -92.88, 0.30311, 24, -555.23, -355.96, 0, 4, 16, -227.95, -93.42, 0.00586, 18, 13.58, -99.09, 0.7095, 17, -93.01, -92.29, 0.28461, 24, -557.95, -355.37, 0, 4, 16, -231.73, -94.36, 0.00449, 18, 9.8, -100.03, 0.73199, 17, -96.78, -93.23, 0.2635, 24, -561.72, -356.32, 0, 4, 16, -236.21, -93.66, 0.0031, 18, 5.32, -99.33, 0.7566, 17, -101.27, -92.52, 0.24029, 24, -566.21, -355.61, 0, 4, 16, -238.22, -95.78, 0.00263, 18, 3.31, -101.45, 0.76777, 17, -103.27, -94.65, 0.22959, 24, -568.21, -357.73, 0, 4, 16, -235.74, -98.02, 0.00244, 18, 5.79, -103.69, 0.77123, 17, -100.79, -96.89, 0.22631, 24, -565.73, -359.98, 0, 4, 16, -236.59, -101.05, 0.00229, 18, 4.94, -106.72, 0.77431, 17, -101.65, -99.92, 0.22339, 24, -566.59, -363.01, 0, 4, 16, -238.78, -102.22, 0.00218, 18, 2.75, -107.89, 0.77667, 17, -103.83, -101.08, 0.22112, 24, -568.77, -364.17, 0, 4, 16, -242.08, -102.28, 0.00204, 18, -0.54, -107.95, 0.78104, 17, -107.13, -101.14, 0.2169, 24, -572.07, -364.23, 0, 4, 16, -244.66, -100.3, 0.0019, 18, -3.12, -105.97, 0.78608, 17, -109.71, -99.16, 0.21201, 24, -574.65, -362.25, 0, 4, 16, -247.36, -98.02, 0.00159, 18, -5.82, -103.69, 0.79614, 17, -112.41, -96.88, 0.20225, 24, -577.35, -359.97, 0, 4, 16, -250.48, -96.76, 0.00119, 18, -8.93999, -102.43, 0.80816, 17, -115.53, -95.62, 0.19063, 24, -580.47, -358.71, 0, 4, 16, -253.72, -96.16, 8.1E-4, 18, -12.18, -101.83, 0.82091, 17, -118.77, -95.02, 0.17826, 24, -583.71, -358.11, 0, 4, 16, -257.54, -97.58, 4.8E-4, 18, -16, -103.25, 0.83425, 17, -122.59, -96.44, 0.16526, 24, -587.53, -359.53, 0, 4, 16, -261.14, -97.58, 2.9E-4, 18, -19.6, -103.25, 0.84396, 17, -126.19, -96.44, 0.15573, 24, -591.13, -359.53, 0, 4, 16, -264.84, -96.98, 1.5E-4, 18, -23.3, -102.65, 0.85357, 17, -129.89, -95.84, 0.14625, 24, -594.83, -358.93, 0, 4, 16, -267.24, -95.98, 8.0E-5, 18, -25.7, -101.65, 0.86032, 17, -132.29, -94.84, 0.13958, 24, -597.23, -357.93, 0, 4, 16, -269.74, -96.58, 3.0E-5, 18, -28.2, -102.25, 0.86704, 17, -134.79, -95.44, 0.13292, 24, -599.73, -358.53, 0, 4, 16, -269.24, -98.98, 1.0E-5, 18, -27.7, -104.65, 0.86962, 17, -134.29, -97.84, 0.13036, 24, -599.23, -360.93, 0, 4, 16, -266.34, -101.08, 0, 18, -24.8, -106.75, 0.8708, 17, -131.39, -99.94, 0.12919, 24, -596.33, -363.03, 0, 4, 16, -265.74, -104.28, 0, 18, -24.2, -109.95, 0.87178, 17, -130.79, -103.14, 0.1282, 24, -595.73, -366.23, 0, 3, 18, -25.4, -112.55, 0.8722, 17, -131.99, -105.74, 0.12779, 24, -596.93, -368.83, 0, 3, 18, -29, -113.15, 0.87265, 17, -135.59, -106.34, 0.12734, 24, -600.53, -369.43, 0, 3, 18, -32.7, -112.35, 0.87314, 17, -139.29, -105.54, 0.12684, 24, -604.23, -368.63, 0, 3, 18, -35.4, -109.25, 0.87363, 17, -141.99, -102.44, 0.12636, 24, -606.93, -365.53, 0, 4, 16, -279.34, -99.68, 0, 18, -37.8, -105.35, 0.87498, 17, -144.39, -98.54, 0.12501, 24, -609.33, -361.63, 0, 3, 18, -39.9, -101.05, 0.87824, 17, -146.49, -94.24, 0.12175, 24, -611.43, -357.33, 0, 3, 18, -42.5, -96.55, 0.88313, 17, -149.09, -89.74, 0.11686, 24, -614.03, -352.83, 0, 3, 18, -45.6, -92.35, 0.88967, 17, -152.19, -85.54, 0.11032, 24, -617.13, -348.63, 0, 3, 18, -48.2, -89.25, 0.89422, 17, -154.79, -82.44, 0.10577, 24, -619.73, -345.53, 0, 4, 18, -50.2, -84.75, 0.89904, 17, -156.79, -77.94, 0.10091, 19, -26.38, -195.88, 3.0E-5, 24, -621.73, -341.03, 0, 4, 18, -52.5, -76.03, 0.90869, 17, -159.1, -69.23, 0.09086, 19, -28.69, -187.17, 4.4E-4, 24, -624.04, -332.32, 0, 4, 18, -52.32, -57.43, 0.93058, 17, -158.91, -50.63, 0.06344, 19, -28.5, -168.57, 0.00596, 24, -623.85, -313.72, 0, 4, 18, -53.21, -41.25, 0.95451, 17, -159.8, -34.43999, 0.02706, 19, -29.39, -152.38, 0.01842, 24, -624.74, -297.53, 0, 4, 18, -58.11, -20.77, 0.92189, 17, -164.7, -13.97, 7.0E-4, 19, -34.29, -131.9, 0.0774, 24, -629.64, -277.06, 0, 3, 18, -63.42, -1.59, 0.81772, 19, -39.61, -112.73, 0.18227, 24, -634.96, -257.88, 0, 3, 18, -70.83, 17.36, 0.69365, 19, -47.02, -93.76, 0.30634, 24, -642.37, -238.91, 0, 3, 18, -75.19, 41.78, 0.50853, 19, -51.38, -69.33999, 0.49146, 24, -646.73, -214.5, 0, 4, 18, -79.12, 64.23, 0.33528, 19, -55.3, -46.89, 0.66232, 24, -650.65, -192.04, 0, 31, -85.92, -150.08, 0.00238, 4, 18, -83.04, 85.91, 0.19505, 19, -59.23, -25.21, 0.78838, 24, -654.58, -170.37, 0, 31, -89.84, -128.41, 0.01656, 4, 18, -83.9, 124.49, 0.02755, 19, -60.08, 13.36, 0.86444, 24, -655.43, -131.78, 0, 31, -90.7, -89.82, 0.10799, 4, 18, -82.23, 143.43, 0.00679, 19, -58.41, 32.3, 0.78947, 24, -653.76, -112.85, 0, 31, -89.03, -70.89, 0.20373, 3, 19, -53.45, 51.52, 0.68097, 24, -648.8, -93.63, 0, 31, -84.07, -51.67, 0.31902, 3, 19, -49.73, 75.08, 0.53289, 24, -645.08, -70.07, 0, 31, -80.35, -28.11, 0.4671, 4, 19, -35.71, 103.25, 0.31948, 24, -631.06, -41.89, 0, 31, -66.33, 0.06, 0.6777, 32, -159.32, -90.65, 0.0028, 4, 19, -17.19, 128.83, 0.11672, 24, -612.54, -16.31, 0, 31, -47.81, 25.64, 0.82958, 32, -140.8, -65.07, 0.05369, 4, 19, -0.07, 152.39, 0.02001, 24, -595.42, 7.24, 0, 31, -30.69, 49.2, 0.78771, 32, -123.68, -41.50999, 0.19226, 5, 17, -111.52, 295.47, 0, 24, -576.46, 32.38, 0, 29, -148.94, 75.47, 0.00844, 31, -11.73, 74.33999, 0.60224, 32, -104.72, -16.37, 0.38928, 4, 17, -88.15, 320.16, 0, 24, -553.09, 57.07, 0, 31, 11.63, 99.03, 0.38214, 32, -81.33999, 8.31, 0.61785, 5, 17, -59.04, 343.98, 0, 24, -523.98, 80.89, 0, 30, -180.38, -25.7, 0.01492, 31, 40.74, 122.85, 0.16085, 32, -52.24, 32.13, 0.82422, 5, 17, -25.97, 366.47, 0, 24, -490.91, 103.38, 0, 30, -147.31, -3.21, 0.09025, 31, 73.82, 145.34, 0.03246, 32, -19.16, 54.62, 0.87727, 5, 17, 18.56, 386.31, 0, 28, -127.71, 137.97, 0.00277, 30, -102.76, 16.62999, 0.32442, 31, 118.36, 165.18, 1.8E-4, 32, 25.37, 74.46, 0.67261, 6, 17, 55.18, 394.69, 0, 24, -409.75, 131.6, 0, 28, -91.1, 146.34, 0.00545, 29, 17.76, 174.69, 0.00689, 30, -66.15, 25.01, 0.5985, 32, 61.98, 82.83999, 0.38915, 6, 17, 83.4, 403.51, 0, 24, -381.53, 140.42, 0, 26, -211.43, 36.09, 0.0086, 29, 45.98, 183.51, 0.00271, 30, -37.93, 33.83, 0.81949, 32, 90.21, 91.66, 0.16919, 5, 17, 116.04, 419.83, 0, 24, -348.89, 156.74, 0, 26, -178.79, 52.41, 0.05503, 30, -5.29, 50.14, 0.914, 32, 122.84, 107.98, 0.03095, 6, 17, 149.11, 423.8, 0, 24, -315.82, 160.71, 0, 26, -145.72, 56.38, 0.16579, 27, -157.06, 170.91, 4.4E-4, 30, 27.77, 54.11, 0.82983, 32, 155.92, 111.95, 0.00392, 6, 17, 168.52, 422.47, 0, 24, -296.41, 159.39, 0, 26, -126.31, 55.06, 0.26426, 27, -137.65, 169.59, 0.00196, 28, 22.23, 174.13, 0.00731, 30, 47.18, 52.79, 0.72645, 5, 17, 237.67, 429.97, 0, 25, -219.32, 54.62, 0.00266, 26, -57.16, 62.55, 0.69287, 28, 91.39, 181.62, 0.01097, 30, 116.33, 60.29, 0.29348, 5, 17, 287.06, 430.36, 0, 25, -169.93, 55.01, 0.06239, 26, -7.77, 62.94, 0.85304, 28, 140.78, 182.01, 5.6E-4, 30, 165.73, 60.68, 0.08398, 5, 17, 346.02, 430.36, 0, 24, -118.91, 167.27, 0.00529, 25, -110.98, 55.01, 0.32871, 26, 51.18, 62.94, 0.66356, 27, 39.84, 177.48, 0.00242, 4, 25, -43.56, 55.01, 0.74925, 26, 118.59, 62.94, 0.23732, 27, 107.25, 177.48, 5.5E-4, 35, -138.82, 52.74, 0.01286, 3, 25, 22.06, 55.01, 0.70761, 26, 184.23, 62.94, 0.0143, 35, -73.18, 52.74, 0.27807, 2, 25, 83.26999, 55.01, 0.18372, 35, -11.98, 52.74, 0.81627, 2, 25, 131.49, 55.01, 0.04622, 35, 36.24, 52.74, 0.95377, 4, 17, 588.5, 349.76, 0, 24, 123.56, 86.67, 0.00567, 34, 28.3, 82.14, 0.2464, 35, 36.24, -27.85, 0.74791, 4, 23, 150.77, 55.58, 0.01993, 24, 123.56, -102.04, 0.06024, 33, 36.24, 49.91, 0.63327, 34, 28.3, -106.58, 0.28652, 4, 14, 170.05, 79.58, 0.33427, 17, 588.5, 34.22, 0, 23, 150.77, -71.23, 0.04611, 33, 36.24, -76.9, 0.6196, 5, 14, 170.05, -57.56, 0.80801, 17, 588.5, -102.92, 0, 23, 150.77, -208.38, 0.00372, 24, 123.56, -366, 0, 33, 36.24, -214.05, 0.18825, 1, 35, -21.59, -0.04, 1, 1, 25, 8.14, 3.85, 1, 5, 17, 388.97, 383.3, 0, 24, -75.96, 120.21, 0.02852, 25, -68.01999, 7.95, 0.48107, 26, 94.13, 15.88, 0.46348, 27, 82.79, 130.42, 0.02691, 4, 17, 311.17, 380.02, 0, 24, -153.76, 116.94, 0.00215, 25, -145.82, 4.67, 0.12873, 26, 16.33, 12.61, 0.8691, 4, 17, 235.15, 379.21, 0, 26, -59.68, 11.79, 0.81239, 28, 88.87, 130.86, 0.01734, 30, 113.81, 9.53, 0.17025, 6, 17, 159.13, 376.29, 0, 24, -305.8, 113.2, 0, 26, -135.7, 8.87, 0.164, 27, -147.04, 123.4, 0.00429, 28, 12.84, 127.94, 0.01486, 30, 37.79, 6.6, 0.81683, 4, 17, 84.57, 361.67, 0, 29, 47.14, 141.67, 0.01181, 30, -36.75999, -8.01, 0.83449, 32, 91.37, 49.82, 0.15369, 5, 17, 23.16, 345.58, 0, 28, -123.11, 97.24, 0.01658, 29, -14.25, 125.59, 0.01084, 30, -98.17, -24.09, 0.22915, 32, 29.97, 33.73, 0.7434, 6, 17, -32.38, 316.34, 0, 20, -30.12, 178, 7.3E-4, 24, -497.32, 53.26, 0, 29, -69.81, 96.35, 5.1E-4, 31, 67.4, 95.21, 0.18119, 32, -25.58, 4.48999, 0.81755, 5, 20, -69.58999, 150.22, 0.00658, 24, -536.8, 25.48, 0, 29, -109.28, 68.57, 0.04354, 31, 27.92, 67.44, 0.5316, 32, -65.05, -23.27, 0.41826, 4, 19, 21.99, 137, 0.02001, 24, -573.35, -8.14, 0, 31, -8.62, 33.81, 0.78771, 32, -101.6, -56.9, 0.19226, 4, 19, -4.31, 90.22, 0.31948, 24, -599.66, -54.92, 0, 31, -34.93, -12.96, 0.6777, 32, -127.92, -103.68, 0.0028, 4, 19, -16.01, 47.82, 0.66364, 20, -144.15, 27.41, 0.00701, 24, -611.36, -97.32, 0, 31, -46.63, -55.36, 0.32934, 4, 18, -47.13, 115.09, 0.03974, 19, -23.32, 3.96, 0.90147, 24, -618.67, -141.18, 0, 31, -53.94, -99.22, 0.05876, 5, 18, -42.75, 63.92, 0.34797, 17, -149.34, 70.73, 0.00137, 19, -18.93, -47.2, 0.64936, 20, -147.08, -67.61, 0.00128, 24, -614.28, -192.35, 0, 4, 18, -23.74, 8.37, 0.72746, 19, 0.06, -102.75, 0.26289, 20, -128.07, -123.17, 0.00964, 24, -595.28, -247.91, 0, 3, 18, -13.51, -35.48, 0.97527, 19, 10.3, -146.61, 0.02472, 24, -585.04, -291.77, 0, 4, 16, -250.66, -67.82, 9.3E-4, 18, -9.12, -73.49, 0.7869, 17, -115.72, -66.69, 0.21216, 24, -580.66, -329.78, 0, 4, 16, -198.03, -63.44, 0.00891, 18, 43.5, -69.11, 0.59754, 17, -63.09, -62.3, 0.39353, 24, -528.03, -325.39, 0, 4, 16, -151.25, -69.29, 0.12042, 18, 90.28, -74.96, 0.18842, 17, -16.29999, -68.15, 0.69114, 24, -481.24, -331.24, 0, 5, 15, -236.81, -63.32, 0.00404, 16, -103, -78.06, 0.26857, 18, 138.53, -83.73, 0.0769, 17, 31.93, -76.92, 0.65046, 24, -433, -340.01, 0, 5, 15, -182.72, -69.16, 0.04575, 16, -48.91, -83.9, 0.5481, 18, 192.62, -89.57, 0.00221, 17, 86.03, -82.76999, 0.40391, 24, -378.9, -345.86, 0, 5, 14, -275.39, -35.95, 0.00109, 15, -125.7, -67.69999, 0.19688, 16, 8.1, -82.44, 0.66538, 17, 143.05, -81.31, 0.13663, 24, -321.88, -344.4, 0, 6, 14, -215.45, -35.95, 0.02146, 15, -65.76, -67.69999, 0.48536, 16, 68.04, -82.44, 0.47137, 17, 202.99, -81.31, 0.02067, 21, 57.84, -219.66, 0.00112, 24, -261.94, -344.4, 0, 4, 14, -163.4, -36.49, 0.08418, 15, -13.71, -68.24, 0.72829, 16, 120.09, -82.99, 0.18751, 24, -209.89, -344.94, 0, 5, 14, -115.61, -46.05, 0.29049, 15, 34.07, -77.8, 0.6341, 16, 167.88, -92.54, 0.07526, 23, -134.89, -196.87, 1.0E-4, 24, -162.1, -354.5, 0, 6, 14, -69.41, -52.42, 0.50555, 15, 80.26999, -84.17, 0.48311, 16, 214.08, -98.92, 0.01101, 22, 46.25, -216.85, 2.3E-4, 23, -88.69, -203.24, 8.0E-5, 24, -115.9, -360.87, 0, 7, 14, -30.4, -70.76, 0.78058, 15, 119.27, -102.51, 0.21489, 16, 253.09, -117.25, 2.3E-4, 17, 388.03, -116.12, 0, 22, 85.25, -235.19, 4.5E-4, 24, -76.9, -379.21, 0, 33, -164.22, -227.25, 0.00383, 5, 14, 13.06, -91.63, 0.91561, 15, 162.75, -123.38, 0.04384, 17, 431.51, -136.99, 0, 24, -33.41999, -400.07, 0, 33, -120.74, -248.12, 0.04053, 5, 14, 70.44999, -93.36, 0.91304, 15, 220.14, -125.12, 0.00923, 17, 488.89, -138.72, 0, 24, 23.95, -401.81, 0, 33, -63.35, -249.86, 0.07771, 5, 14, 127.84, -89.89, 0.87175, 17, 546.28, -135.25, 0, 23, 108.56, -240.71, 3.0E-5, 24, 81.33999, -398.33, 0, 33, -5.97, -246.38, 0.1282, 5, 14, 120.88, -29.02, 0.77695, 17, 539.33, -74.37999, 0, 23, 101.6, -179.84, 0.01586, 24, 74.39, -337.47, 0, 33, -12.92, -185.51, 0.20717, 4, 14, 124.36, 70.08999, 0.42311, 17, 542.8, 24.73, 0, 23, 105.08, -80.72, 0.07453, 33, -9.43999, -86.39, 0.50233, 1, 33, -16.4, 0.55, 1, 4, 23, 94.65, 75.78, 0.11513, 24, 67.43, -81.83999, 0.16802, 33, -19.87999, 70.11, 0.42876, 34, -27.82, -86.37, 0.28806, 7, 17, 528.89, 250.8, 0, 23, 91.17, 145.34, 0.01146, 24, 63.95, -12.28, 0.3595, 25, 71.89, -124.54, 0.01749, 33, -23.36, 139.67, 0.02071, 34, -31.29, -16.81, 0.5687, 35, -23.36, -126.81, 0.02211, 5, 17, 528.89, 327.32, 0, 24, 63.95, 64.23, 0.15109, 25, 71.89, -48.03, 0.08599, 34, -31.29, 59.69, 0.38778, 35, -23.36, -50.29, 0.37512, 6, 17, 473.24, 330.8, 0, 24, 8.3, 67.71, 0.27967, 25, 16.24, -44.55, 0.53118, 27, 167.06, 77.91, 0.00794, 34, -86.94, 63.17, 0.0789, 35, -79, -46.82, 0.10227, 5, 17, 394.99, 342.97, 0, 24, -69.94, 79.87999, 0.16507, 25, -62, -32.38, 0.47875, 26, 100.15, -24.44, 0.24304, 27, 88.81, 90.09, 0.11312, 5, 17, 308.04, 339.49, 0, 26, 13.2, -27.92, 0.8345, 27, 1.86, 86.61, 0.1119, 28, 161.75, 91.14, 0.03392, 30, 186.7, -30.18, 0.01966, 6, 17, 245.43, 342.97, 0, 21, 100.28, 204.62, 2.3E-4, 26, -49.4, -24.44, 0.48208, 27, -60.74, 90.09, 0.16538, 28, 99.15, 94.62, 0.18668, 30, 124.1, -26.71, 0.16561, 5, 17, 155.01, 327.32, 0, 26, -139.82, -40.09, 0.17193, 27, -151.16, 74.44, 0.05158, 28, 8.72, 78.97, 0.27471, 30, 33.66999, -42.36, 0.50176, 5, 24, -388.18, 46.84, 0, 28, -69.51999, 61.58, 0.13158, 29, 39.33, 89.93, 0.30414, 30, -44.58, -59.75, 0.19442, 32, 83.56, -1.91, 0.36981, 6, 17, 14.15, 289.06, 0, 24, -450.78, 25.97, 0, 28, -132.13, 40.71, 0.03058, 29, -23.26, 69.06, 0.22226, 30, -107.18, -80.61, 0.0481, 32, 20.95, -22.78, 0.69904, 6, 17, -43.23, 259.5, 0, 20, -40.96, 121.15, 0.0251, 24, -508.17, -3.58, 0, 29, -80.65, 39.5, 0.20163, 31, 56.55, 38.37, 0.16413, 32, -36.43, -52.34, 0.60912, 1, 31, 13.08, -1.62, 1, 6, 17, -104.09, 167.33, 0.00312, 19, 26.31, 49.39, 0.38214, 20, -101.83, 28.98, 0.3001, 24, -569.03, -95.75, 0, 29, -141.52, -52.66, 0.03261, 31, -4.3, -53.79, 0.282, 7, 18, -6.19, 103.14, 0.00646, 17, -112.79, 109.94, 0.01467, 19, 17.61, -7.98, 0.80683, 20, -110.52, -28.4, 0.12845, 24, -577.73, -153.14, 0, 29, -150.21, -110.04, 0.00382, 31, -13, -111.18, 0.03974, 5, 18, 9.45, 59.66, 0.38297, 17, -97.14, 66.47, 0.04762, 19, 33.25999, -51.46, 0.47627, 20, -94.87, -71.87, 0.09313, 24, -562.08, -196.61, 0, 5, 18, 26.84, 12.71, 0.42506, 17, -79.75, 19.51, 0.37917, 19, 50.65, -98.41, 0.07846, 20, -77.48, -118.82, 0.11729, 24, -544.69, -243.56, 0, 3, 18, 32.05, -20.32, 0.79341, 17, -74.53, -13.52, 0.20658, 24, -539.47, -276.6, 0, 6, 14, 66.97, -37.72, 0.89967, 15, 216.66, -69.47, 0.00694, 17, 485.42, -83.08, 0, 23, 47.69, -188.54, 0.00243, 24, 20.48, -346.16, 0, 33, -66.83, -194.21, 0.09094, 4, 14, 63.49, 42.27, 0.58335, 17, 481.94, -3.08, 0, 23, 44.21, -108.54, 0.12027, 33, -70.31, -114.21, 0.29637, 6, 14, 63.49, 129.22, 0.06411, 17, 481.94, 83.86, 0, 23, 44.21, -21.59, 0.48716, 24, 17, -179.22, 0.02751, 33, -70.31, -27.26, 0.40816, 34, -78.25, -183.76, 0.01304, 6, 22, 175.68, 53.48, 0.00786, 23, 40.74, 67.08, 0.47801, 24, 13.52, -90.53, 0.22224, 27, 172.28, -80.33, 0.0277, 33, -73.79, 61.41, 0.21595, 34, -81.73, -95.07, 0.04822, 1, 24, 10.04, -12.28, 1, 5, 23, -54.9, 159.25, 0.01412, 24, -82.11, 1.63, 0.26224, 25, -74.18, -110.63, 0.13733, 26, 87.98, -102.69, 0.13649, 27, 76.64, 11.83, 0.44979, 5, 23, -119.24, 160.99, 0.0167, 24, -146.46, 3.36, 0.0747, 25, -138.52, -108.89, 0.01815, 26, 23.63, -100.95, 0.01216, 27, 12.29, 13.57, 0.87825, 7, 17, 238.48, 271.67, 0, 21, 93.33, 133.32, 0.03271, 22, -64.29, 152.6, 0.02132, 26, -56.35, -95.74, 0.10309, 27, -67.69, 18.79, 0.57355, 28, 92.19, 23.32, 0.23433, 30, 117.14, -98, 0.03496, 1, 28, 15.68, 16.37, 1, 6, 21, -49.26, 122.89, 0.0426, 24, -369.05, -1.84, 0, 28, -50.4, 12.89, 0.33324, 29, 58.46, 41.24, 0.58891, 30, -25.45, -108.44, 0.0225, 32, 102.68, -50.6, 0.01273, 5, 24, -445.57, -8.8, 0, 29, -18.04999, 34.28, 0.79372, 30, -101.96, -115.39, 0.01109, 31, 119.16, 33.15, 0.02948, 32, 26.17, -57.56, 0.16568, 6, 19, 99.34, 101.56, 0.00403, 20, -28.79, 81.15, 0.16941, 24, -496, -43.58, 0, 29, -68.48, -0.49, 0.29774, 31, 68.73, -1.62, 0.34668, 32, -24.25, -92.34, 0.18212, 6, 19, 76.74, 51.13, 0.07016, 20, -51.4, 30.72, 0.5287, 24, -518.6, -94.01, 0, 29, -91.09, -50.92, 0.16382, 31, 46.12, -52.05, 0.21924, 32, -46.86, -142.77, 0.01805, 6, 18, 47.71, 101.4, 0.11183, 17, -58.88, 108.2, 0.09785, 19, 71.51999, -9.72, 0.3903, 20, -56.61, -30.13, 0.39064, 24, -523.82, -154.87, 0, 31, 40.9, -112.92, 0.00935, 7, 16, -178.18, 65.33, 0.00929, 18, 63.36, 59.66, 0.0329, 17, -43.23, 66.47, 0.27719, 19, 87.17, -51.46, 0.09213, 20, -40.96, -71.87, 0.56638, 21, -188.38, -71.87, 0.02207, 24, -508.17, -196.61, 0, 6, 18, 79.01, 21.41, 0.01815, 17, -27.58, 28.21, 0.81683, 19, 102.82, -89.72, 0.01725, 20, -25.31, -110.13, 0.13415, 21, -172.73, -110.13, 0.0136, 24, -492.52, -234.87, 0, 3, 18, 94.66, -27.28, 0.17235, 17, -11.93, -20.46999, 0.82764, 24, -476.87, -283.56, 0, 4, 16, -96.44, -30.3, 0.199, 18, 145.09, -35.97, 0.02652, 17, 38.49, -29.17, 0.77446, 24, -426.44, -292.26, 0, 6, 15, -185.04, -13.82, 0.00575, 16, -51.23, -28.56, 0.55141, 17, 83.71, -27.43, 0.43647, 20, 85.98, -165.78, 0.00404, 21, -61.43, -165.78, 0.0023, 24, -381.22, -290.52, 0, 5, 15, -136.35, -13.82, 0.03904, 16, -2.54, -28.56, 0.80828, 17, 132.4, -27.43, 0.15263, 20, 134.67, -165.78, 2.0E-5, 24, -332.53, -290.52, 0, 5, 15, -72.01, -15.56, 0.52553, 16, 61.8, -30.3, 0.42888, 21, 51.59, -167.52, 0.02888, 22, -106.03, -148.24, 0.01668, 24, -268.19, -292.26, 0, 1, 15, -19.84, -17.29999, 1, 6, 14, -113.88, 7.49, 0.25898, 15, 35.8, -24.25, 0.71676, 16, 169.61, -39, 0.00892, 22, 1.78, -156.93, 0.00683, 23, -133.15, -143.32, 0.00848, 24, -160.37, -300.95, 0, 5, 14, -61.71, -2.94, 0.54171, 15, 87.97, -34.68999, 0.35218, 22, 53.95, -167.37, 0.05871, 23, -80.98, -153.76, 0.04737, 24, -108.2, -311.38, 0, 1, 14, -7.8, -15.11, 1, 5, 14, -2.58, 40.53, 0.53327, 15, 147.1, 8.78, 0.08839, 22, 113.08, -123.89, 0.09342, 23, -21.86, -110.28, 0.2545, 33, -136.39, -115.95, 0.03039, 4, 14, -18.23, 117.04, 0.14347, 15, 131.45, 85.29, 0.06887, 22, 97.43, -47.38, 0.21451, 23, -37.50999, -33.77, 0.57313, 6, 22, 102.64, 51.74, 0.09088, 23, -32.29, 65.35, 0.32921, 24, -59.51, -92.27, 0.37984, 27, 99.24, -82.06, 0.14583, 33, -146.83, 59.68, 0.03963, 34, -154.76, -96.81, 0.01459, 6, 21, 194.19, 37.68, 0.01283, 22, 36.56, 56.95, 0.44154, 23, -98.37, 70.56, 0.08811, 24, -125.59, -87.05, 0.07081, 27, 33.16, -76.85, 0.384, 28, 193.05, -72.31, 0.00267, 5, 21, 114.19, 34.2, 0.11355, 22, -43.42, 53.48, 0.66134, 24, -205.58, -90.53, 0.00205, 27, -46.82, -80.33, 0.1785, 28, 113.06, -75.79, 0.04454, 6, 15, -61.57, 187.89, 0.00555, 16, 72.23, 173.15, 0.00183, 21, 62.02, 35.93999, 0.59344, 22, -95.59, 55.22, 0.17378, 27, -98.99, -78.58999, 0.07712, 28, 60.89, -74.05, 0.14825, 6, 20, 139.88, 28.98, 0.02339, 21, -7.53, 28.98, 0.55517, 24, -327.31, -95.75, 0, 27, -168.55, -85.54, 0.00215, 28, -8.66, -81.01, 0.29148, 29, 100.19, -52.66, 0.12777, 7, 16, -54.71, 171.41, 0.00942, 17, 80.23, 172.55, 0.01399, 20, 82.5, 34.2, 0.19416, 21, -64.91, 34.2, 0.3399, 24, -384.7, -90.53, 0, 28, -66.05, -75.79, 0.03478, 29, 42.81, -47.44, 0.40772, 5, 20, 11.2, 39.41999, 0.33001, 21, -136.21, 39.41999, 0.00429, 24, -456, -85.31, 0, 29, -28.48, -42.22, 0.62938, 31, 108.72, -43.36, 0.0363, 6, 16, -126.01, 114.03, 0.04047, 17, 8.93, 115.16, 0.08311, 20, 11.2, -23.18, 0.6735, 21, -136.21, -23.18, 0.14657, 24, -456, -147.92, 0, 29, -28.48, -104.83, 0.05632, 6, 16, -37.32, 112.29, 0.18289, 17, 97.62, 113.42, 0.12664, 20, 99.89, -24.92, 0.25396, 21, -47.52, -24.92, 0.41266, 24, -367.31, -149.66, 0, 29, 60.2, -106.57, 0.02383, 6, 15, -110.26, 127.03, 0.04188, 16, 23.54, 112.29, 0.11781, 21, 13.33, -24.92, 0.66921, 22, -144.28, -5.64, 0.15316, 27, -147.69, -139.45, 0.01123, 28, 12.2, -134.92, 0.00669, 6, 15, -51.14, 128.77, 0.09379, 16, 82.66, 114.03, 0.08284, 21, 72.46, -23.18, 0.31876, 22, -85.16, -3.9, 0.4665, 27, -88.56, -137.71, 0.02106, 28, 71.32, -133.18, 0.01701, 1, 22, -12.12, -2.16, 1, 6, 14, -56.49, 162.26, 0.02866, 15, 93.19, 130.51, 0.03265, 22, 59.17, -2.16, 0.51814, 23, -75.76999, 11.44, 0.34152, 24, -102.98, -146.18, 0.03606, 27, 55.77, -135.97, 0.04294, 6, 14, -103.44, 103.13, 0.10749, 15, 46.24, 71.37999, 0.19825, 16, 180.05, 56.64, 3.6E-4, 17, 314.99, 57.77, 0, 22, 12.22, -61.29, 0.48339, 23, -122.72, -47.68, 0.21048, 5, 15, -33.75, 78.33999, 0.40813, 16, 100.05, 63.59, 0.24904, 21, 89.85, -73.61, 0.13074, 22, -67.76999, -54.33, 0.2118, 23, -202.71, -40.72, 2.6E-4, 5, 15, -108.52, 81.81, 0.14405, 16, 25.28, 67.07, 0.36515, 20, 162.49, -70.12999, 0.00514, 21, 15.07, -70.12999, 0.3578, 22, -142.54, -50.85, 0.12783, 6, 16, -37.32, 67.07, 0.18289, 17, 97.62, 68.21, 0.12664, 20, 99.89, -70.12999, 0.25396, 21, -47.52, -70.12999, 0.41266, 24, -367.31, -194.87, 0, 29, 60.2, -151.78, 0.02383, 6, 16, -117.31, 65.33, 0.13466, 17, 17.62999, 66.47, 0.41466, 19, 148.04, -51.46, 0.00941, 20, 19.89, -71.87, 0.32194, 21, -127.52, -71.87, 0.11931, 24, -447.3, -196.61, 0, 5, 16, -106.88, 21.86, 0.19417, 17, 28.06, 22.99, 0.72949, 20, 30.33, -115.35, 0.04631, 21, -117.08, -115.35, 0.03001, 24, -436.87, -240.09, 0, 5, 16, -35.58, 18.37999, 0.76715, 17, 99.36, 19.51, 0.17068, 20, 101.63, -118.82, 0.02711, 21, -45.78, -118.82, 0.03503, 24, -365.57, -243.56, 0, 5, 15, -108.52, 36.59999, 0.16402, 16, 25.28, 21.86, 0.72781, 21, 15.07, -115.35, 0.07103, 22, -142.54, -96.07, 0.03709, 24, -304.71, -240.09, 0, 5, 15, -38.96, 40.08, 0.40813, 16, 94.84, 25.34, 0.24904, 21, 84.63, -111.87, 0.13074, 22, -72.98, -92.59, 0.2118, 23, -207.93, -78.98, 2.6E-4, 4, 14, -101.7, 56.18, 0.17523, 15, 47.98, 24.43, 0.54666, 22, 13.96, -108.24, 0.19394, 23, -120.98, -94.63, 0.08415, 1, 29, -9.35, -5.7, 1, 6, 21, -56.22, 82.89, 0.0426, 24, -376.01, -41.84, 0, 28, -57.35, -27.1, 0.33324, 29, 51.5, 1.24, 0.58891, 30, -32.4, -148.44, 0.0225, 32, 95.73, -90.6, 0.01273, 6, 21, 15.07, 79.41, 0.28843, 22, -142.54, 98.69, 0.06419, 26, -134.61, -149.65, 0.00443, 27, -145.95, -35.11, 0.09141, 28, 13.94, -30.58, 0.52758, 29, 122.8, -2.23, 0.02392, 7, 17, 229.78, 226.46, 0, 21, 84.63, 88.11, 0.21235, 22, -72.98, 107.39, 0.219, 26, -65.05, -140.95, 0.00868, 27, -76.39, -26.42, 0.30706, 28, 83.5, -21.88, 0.25176, 30, 108.45, -143.22, 0.0011, 5, 21, 162.89, 88.11, 0.0334, 22, 5.26, 107.39, 0.19262, 23, -129.68, 120.99, 0.01287, 27, 1.86, -26.42, 0.7312, 28, 161.75, -21.88, 0.02989, 6, 22, 99.17, 100.43, 0.14215, 23, -35.77, 114.04, 0.20665, 24, -62.99, -43.58, 0.35646, 27, 95.76, -33.37, 0.28622, 33, -150.3, 108.37, 0.00731, 34, -158.24, -48.11, 0.00118 ],
				"hull": 269,
				"edges": [ 0, 2, 2, 4, 4, 6, 6, 8, 8, 10, 10, 12, 12, 14, 14, 16, 16, 18, 18, 20, 20, 22, 22, 24, 24, 26, 26, 28, 28, 30, 30, 32, 32, 34, 34, 36, 36, 38, 38, 40, 40, 42, 42, 44, 44, 46, 46, 48, 48, 50, 50, 52, 52, 54, 54, 56, 56, 58, 58, 60, 60, 62, 62, 64, 64, 66, 66, 68, 68, 70, 70, 72, 72, 74, 74, 76, 76, 78, 78, 80, 80, 82, 82, 84, 84, 86, 86, 88, 88, 90, 90, 92, 92, 94, 94, 96, 96, 98, 98, 100, 100, 102, 102, 104, 104, 106, 106, 108, 108, 110, 110, 112, 112, 114, 114, 116, 116, 118, 118, 120, 120, 122, 122, 124, 124, 126, 126, 128, 128, 130, 130, 132, 132, 134, 134, 136, 136, 138, 138, 140, 140, 142, 142, 144, 144, 146, 146, 148, 148, 150, 150, 152, 152, 154, 154, 156, 156, 158, 158, 160, 160, 162, 162, 164, 164, 166, 166, 168, 168, 170, 170, 172, 172, 174, 174, 176, 176, 178, 178, 180, 180, 182, 182, 184, 184, 186, 186, 188, 188, 190, 190, 192, 192, 194, 194, 196, 196, 198, 198, 200, 200, 202, 202, 204, 204, 206, 206, 208, 208, 210, 210, 212, 212, 214, 214, 216, 216, 218, 218, 220, 220, 222, 222, 224, 224, 226, 226, 228, 228, 230, 230, 232, 232, 234, 234, 236, 236, 238, 238, 240, 240, 242, 242, 244, 244, 246, 246, 248, 248, 250, 250, 252, 252, 254, 254, 256, 256, 258, 258, 260, 260, 262, 262, 264, 264, 266, 266, 268, 268, 270, 270, 272, 272, 274, 274, 276, 276, 278, 278, 280, 280, 282, 282, 284, 284, 286, 286, 288, 288, 290, 290, 292, 292, 294, 294, 296, 296, 298, 298, 300, 300, 302, 302, 304, 304, 306, 306, 308, 308, 310, 310, 312, 312, 314, 314, 316, 316, 318, 318, 320, 320, 322, 322, 324, 324, 326, 326, 328, 328, 330, 330, 332, 332, 334, 334, 336, 336, 338, 338, 340, 340, 342, 342, 344, 344, 346, 346, 348, 348, 350, 350, 352, 352, 354, 354, 356, 356, 358, 358, 360, 360, 362, 362, 364, 364, 366, 366, 368, 368, 370, 370, 372, 372, 374, 374, 376, 376, 378, 378, 380, 380, 382, 382, 384, 384, 386, 386, 388, 388, 390, 390, 392, 392, 394, 394, 396, 396, 398, 398, 400, 400, 402, 402, 404, 404, 406, 406, 408, 408, 410, 410, 412, 412, 414, 414, 416, 416, 418, 418, 420, 420, 422, 422, 424, 424, 426, 426, 428, 428, 430, 430, 432, 432, 434, 434, 436, 436, 438, 438, 440, 440, 442, 442, 444, 444, 446, 446, 448, 448, 450, 450, 452, 452, 454, 454, 456, 456, 458, 458, 460, 460, 462, 462, 464, 464, 466, 466, 468, 468, 470, 470, 472, 472, 474, 474, 476, 476, 478, 478, 480, 480, 482, 482, 484, 484, 486, 486, 488, 488, 490, 490, 492, 492, 494, 494, 496, 496, 498, 498, 500, 500, 502, 502, 504, 504, 506, 506, 508, 508, 510, 510, 512, 512, 514, 514, 516, 516, 518, 518, 520, 520, 522, 522, 524, 524, 526, 526, 528, 528, 530, 530, 532, 532, 534, 534, 536, 0, 536 ],
				"width": 779,
				"height": 615
			}
		},
		"images/mouthbg": {
			"images/mouthbg": { "x": -237.35, "y": -4.77, "width": 506, "height": 39 }
		},
		"images/mouthfg": {
			"images/mouthfg": {
				"type": "mesh",
				"uvs": [ 1, 1, 0, 1, 0, 0, 1, 0 ],
				"triangles": [ 1, 2, 3, 1, 3, 0 ],
				"vertices": [ 26.59, -33.54, -708.4, -33.54, -708.4, 100.45, 26.59, 100.45 ],
				"hull": 4,
				"edges": [ 0, 2, 2, 4, 4, 6, 0, 6 ],
				"width": 735,
				"height": 134
			}
		},
		"images/tongue": {
			"images/tongue": {
				"type": "mesh",
				"uvs": [ 0.12341, 0.89306, 0.0739, 0.72175, 0.03539, 0.63609, 0, 0.44575, 0, 0.27444, 0.02576, 0.16975, 0.0794, 0.16975, 0.13992, 0.12216, 0.18806, 0.09361, 0.2472, 0.03651, 0.3146, 0.04602, 0.36961, 0.05554, 0.43013, 0.03651, 0.50028, 0.02699, 0.5663, 0.04602, 0.62406, 0.05554, 0.67559, 0.04368, 0.7402, 0.00303, 0.8092, 0, 0.87035, 0, 0.92575, 0.03784, 0.93783, 0.16551, 0.96979, 0.18661, 0.99499, 0.31385, 1, 0.5542, 0.95958, 0.60604, 0.96434, 0.75213, 0.92621, 0.85581, 0.87989, 0.84638, 0.83222, 0.86994, 0.78454, 0.88408, 0.7321, 0.89822, 0.68443, 0.89351, 0.64084, 0.86523, 0.6027, 0.89822, 0.55639, 0.93121, 0.51484, 0.98776, 0.468, 1, 0.40979, 1, 0.35159, 1, 0.29463, 1, 0.23632, 0.98803, 0.17258, 0.945, 0.04516, 0.4028, 0.12315, 0.44598, 0.1949, 0.43518, 0.27445, 0.4028, 0.35868, 0.43518, 0.46163, 0.4136, 0.57082, 0.42439, 0.66752, 0.4136, 0.78139, 0.43518, 0.88901, 0.4028, 0.11379, 0.62946, 0.18399, 0.7158, 0.26665, 0.7158, 0.34464, 0.70501, 0.42108, 0.69422, 0.49283, 0.68342, 0.56926, 0.64025, 0.64569, 0.58629, 0.71744, 0.62946, 0.80635, 0.64025, 0.88278, 0.62946, 0.85626, 0.19773, 0.77203, 0.18694, 0.70496, 0.21932, 0.62385, 0.2517, 0.53494, 0.26249, 0.43511, 0.23011, 0.33685, 0.23011, 0.24638, 0.21932, 0.16215, 0.30567 ],
				"triangles": [ 71, 6, 7, 4, 6, 72, 6, 4, 5, 43, 4, 72, 44, 43, 72, 3, 4, 43, 44, 3, 43, 44, 2, 3, 53, 2, 44, 45, 53, 44, 1, 2, 53, 1, 53, 54, 0, 1, 54, 10, 71, 8, 10, 8, 9, 7, 8, 71, 72, 6, 71, 72, 71, 46, 45, 72, 46, 45, 44, 72, 47, 55, 45, 45, 55, 53, 53, 55, 54, 0, 54, 55, 42, 0, 55, 41, 42, 55, 41, 55, 40, 70, 71, 10, 11, 70, 10, 70, 11, 69, 46, 71, 70, 47, 70, 69, 46, 70, 47, 47, 45, 46, 56, 47, 57, 55, 47, 56, 57, 39, 56, 39, 40, 55, 56, 39, 55, 39, 35, 38, 69, 12, 13, 11, 12, 69, 14, 69, 13, 68, 69, 14, 48, 69, 68, 48, 68, 49, 47, 69, 48, 58, 48, 59, 47, 48, 58, 57, 47, 58, 35, 57, 58, 57, 35, 39, 35, 37, 38, 36, 37, 35, 15, 16, 66, 67, 14, 15, 67, 15, 66, 68, 14, 67, 50, 67, 66, 49, 68, 67, 49, 67, 50, 60, 49, 50, 59, 48, 49, 59, 49, 60, 61, 33, 59, 61, 59, 60, 58, 59, 33, 34, 58, 33, 35, 58, 34, 65, 17, 18, 16, 17, 65, 66, 16, 65, 51, 66, 65, 64, 51, 65, 50, 66, 51, 60, 50, 51, 61, 60, 51, 62, 61, 51, 63, 62, 51, 30, 61, 62, 30, 62, 29, 33, 61, 30, 31, 32, 33, 30, 31, 33, 64, 18, 19, 65, 18, 64, 64, 23, 52, 51, 64, 52, 63, 51, 52, 63, 52, 25, 26, 62, 63, 29, 62, 28, 63, 25, 26, 26, 28, 62, 27, 28, 26, 23, 64, 22, 52, 23, 24, 25, 52, 24, 64, 19, 20, 64, 20, 21, 22, 64, 21 ],
				"vertices": [ 2, 8, 88.24, 45.79, 0.38539, 9, 7.71, 45.93, 0.6146, 2, 8, 117.6, 31.61, 0.02311, 9, 27.67, 32.11, 0.97688, 1, 9, 43.09, 25.49, 1, 1, 9, 57.49, 9.71, 1, 1, 9, 57.84, -5.17, 1, 1, 9, 47.86, -14.83, 1, 1, 9, 26.62, -15.99, 1, 2, 8, 80.15, -21.49, 0.43169, 9, 2.76, -21.44, 0.5683, 2, 8, 52, -24.67, 0.95633, 9, -16.23, -24.96, 0.04366, 2, 7, 106.53, -30.56, 0.1645, 8, 17.45999, -30.5, 0.83549, 2, 7, 62.07, -30.57, 0.94218, 8, -22.03, -30.65, 0.05781, 2, 6, 119.43, -30.48, 0.0974, 7, 25.77, -30.42, 0.90259, 2, 6, 77.22, -32.8, 0.7583, 7, -14.1, -32.83, 0.24169, 2, 5, 118.2, -34.45, 0.09086, 6, 28.28, -34.39, 0.90913, 2, 5, 72.94999, -33.41999, 0.77814, 6, -17.83, -33.46, 0.22185, 2, 4, 99.78, -33.23, 0.0554, 5, 33.37, -33.15, 0.94459, 2, 4, 71.19, -34.66999, 0.58023, 5, -1.89, -34.66999, 0.41976, 4, 11, -108.36, 18.81, 0.00136, 3, 108.15, -39.07, 0.02182, 4, 35.36, -38.71, 0.97099, 5, -46.08, -38.83, 0.00582, 3, 11, -66.82, 19.08, 0.0802, 3, 69.42, -39.48, 0.52437, 4, -2.94, -39.50999, 0.39542, 3, 11, -30.01, 19.08, 0.47628, 3, 35.09999, -39.59999, 0.50963, 4, -36.89, -39.98, 0.01406, 2, 11, 3.33, 15.78, 0.99222, 10, -14.5, 37.38, 0.00777, 3, 11, 10.6, 4.67999, 0.76725, 10, -7.23, 26.27, 0.21456, 3, -2.81, -25.35, 0.01818, 3, 11, 29.84, 2.84, 0.16222, 10, 12, 24.44, 0.77187, 3, -20.76, -23.58, 0.06589, 2, 11, 45.01, -8.22, 0.02046, 10, 27.17, 13.37, 0.97953, 2, 10, 30.18, -7.53, 0.99935, 12, 47.09, 3.73, 6.4E-4, 2, 10, 5.85, -12.04, 0.72631, 12, 22.75, -0.77, 0.27368, 2, 10, 8.72, -24.75, 0.43925, 12, 25.62, -13.48, 0.56074, 2, 10, -14.23, -33.77, 0.05579, 12, 2.66, -22.5, 0.9442, 4, 12, -25.21, -21.68, 0.6496, 3, 29.51, 34, 0.34271, 4, -43.07, 33.56, 0.00768, 6, -238.2, 32.73, 0, 4, 12, -53.91, -23.73, 0.16563, 3, 56.26, 36.15, 0.64453, 4, -16.62999, 35.98, 0.18983, 6, -204.97, 35.3, 0, 4, 12, -82.61, -24.96, 0.02385, 3, 83.01, 37.48, 0.26769, 4, 9.82, 37.58, 0.70843, 6, -171.71, 37.05, 1.0E-5, 5, 12, -114.18, -26.19, 3.2E-4, 3, 112.44, 38.82, 0.01021, 4, 38.91999, 39.22, 0.95065, 5, -41.93999, 39.11, 0.03875, 6, -135.13, 38.84999, 4.0E-5, 3, 4, 65.39, 39.18, 0.64999, 5, -9.28, 39.16, 0.3499, 6, -101.84, 38.96, 9.0E-5, 2, 4, 89.62, 37.06, 0.18472, 5, 20.61, 37.12, 0.81527, 3, 4, 110.76, 40.23, 0.00965, 5, 46.68, 40.34999, 0.94745, 6, -44.8, 40.25999, 0.04288, 2, 5, 78.33999, 43.66, 0.64911, 6, -12.54, 43.64, 0.35088, 3, 5, 106.71, 48.98, 0.23769, 6, 16.35, 49.01, 0.75832, 7, -71.83, 48.85, 0.00398, 3, 5, 138.77, 50.49, 0.03059, 6, 49.02, 50.59, 0.88088, 7, -40.96, 50.5, 0.08851, 2, 6, 89.65, 51.22, 0.54127, 7, -2.58, 51.22, 0.45871, 3, 6, 130.28, 51.86, 0.12415, 7, 35.8, 51.94, 0.84276, 8, -45.66, 51.77, 0.03308, 3, 6, 170.04, 52.48, 0.00369, 7, 73.37, 52.64, 0.70494, 8, -12.29, 52.6, 0.29136, 3, 7, 111.84, 52.33, 0.23053, 8, 21.89, 52.41, 0.76379, 9, -37.16999, 51.75, 0.00567, 3, 7, 153.97, 49.37, 0.01055, 8, 59.33, 49.59, 0.78322, 9, -11.85, 49.38, 0.20621, 1, 9, 39.7, 5, 1, 2, 8, 89.31, 6.91, 0.32407, 9, 8.72999, 7.07, 0.67592, 2, 8, 47.29, 4.92999, 0.9877, 9, -19.64, 4.58, 0.01229, 2, 7, 87.84, 0.95, 0.5, 8, 0.75, 0.95, 0.5, 1, 7, 32.23, 2.72, 1, 1, 6, 54.55, -0.34, 1, 1, 5, 69.26, -0.55, 1, 2, 4, 75.28, -2.42, 0.5, 5, 3.04, -2.42, 0.5, 4, 12, -84.5, 14.08, 8.0E-4, 3, 84.91, -1.56, 0.19842, 4, 12.04, -1.43, 0.80076, 6, -168.69, -1.96, 0, 3, 11, -18.78, -15.96, 0.04771, 12, -19.70999, 16.9, 0.01286, 3, 24.51, -4.6, 0.93941, 2, 8, 94.42, 23, 0.02932, 9, 12.06, 23.22, 0.97067, 3, 7, 146.89, 29.3, 0.00385, 8, 53.11, 29.49, 0.75406, 9, -15.89, 29.21, 0.24207, 2, 7, 92.37, 28.27, 0.39855, 8, 4.67, 28.29, 0.60144, 3, 6, 135.67, 26.28, 0.06731, 7, 40.96, 26.37, 0.91536, 8, -40.99, 26.22, 0.0173, 2, 6, 82.33999, 24.5, 0.75838, 7, -9.42, 24.48, 0.24161, 3, 5, 122.27, 22.72, 0.14778, 6, 32.28, 22.78, 0.85119, 7, -56.72, 22.65, 0.00101, 2, 5, 69.99, 18.23, 0.97484, 6, -20.99, 18.19, 0.02515, 2, 4, 87.22, 12.76, 0.10198, 5, 17.73, 12.8, 0.89801, 2, 4, 47.34, 15.95, 0.99998, 6, -124.4, 15.63, 1.0E-5, 4, 12, -69.48, -3.75, 0.02449, 3, 70.83999, 16.21999, 0.43825, 4, -2.02, 16.2, 0.53724, 6, -186.48, 15.6, 0, 2, 12, -23.47, -2.81, 0.33122, 3, 27.95, 15.12, 0.66877, 3, 11, -38.49, 1.87, 0.20163, 3, 42.95, -22.37, 0.75442, 4, -29.27, -22.67, 0.04393, 3, 11, -89.2, 2.81, 0.01313, 3, 90.23, -23.13, 0.15673, 4, 17.49, -22.96, 0.83013, 2, 4, 54.7, -19.62, 0.81856, 5, -22.28, -19.67, 0.18143, 2, 4, 99.69, -16.17, 0.04474, 5, 33.21, -16.08, 0.95525, 2, 5, 94.09, -14.29, 0.35591, 6, 3.65, -14.29, 0.64408, 2, 6, 73.39, -16.01, 0.67622, 7, -17.76, -16.04999, 0.32376, 1, 7, 47.03, -14.83, 1, 2, 7, 106.72, -14.65, 0.00711, 8, 17.57, -14.59, 0.99288, 2, 8, 66.75, -5.85, 0.79077, 9, -6.4, -5.97, 0.20922 ],
				"hull": 43,
				"edges": [ 0, 2, 2, 4, 4, 6, 6, 8, 8, 10, 10, 12, 12, 14, 14, 16, 16, 18, 18, 20, 20, 22, 22, 24, 24, 26, 26, 28, 28, 30, 30, 32, 32, 34, 34, 36, 36, 38, 38, 40, 40, 42, 42, 44, 44, 46, 46, 48, 48, 50, 50, 52, 52, 54, 54, 56, 56, 58, 58, 60, 60, 62, 62, 64, 64, 66, 66, 68, 68, 70, 70, 72, 72, 74, 74, 76, 76, 78, 78, 80, 80, 82, 82, 84, 0, 84 ],
				"width": 602,
				"height": 87
			}
		},
		"tonguepath": {
			"tonguepath": {
				"type": "path",
				"lengths": [ 552.24, 1364.1 ],
				"vertexCount": 6,
				"vertices": [ 263.54, 8.68, 4, -4.19999, -41.34, -5.51, -483.61, 1.99, -548.12, 6.12, -731.99, 15.22 ]
			}
		}
	}
},
"animations": {
	"idle": {
		"slots": {
			"images/eyelid1": {
				"attachment": [
					{ "time": 0, "name": null },
					{ "time": 2.7666, "name": "images/eyelid1" },
					{ "time": 3.6333, "name": null },
					{ "time": 6.8, "name": "images/eyelid1" },
					{ "time": 6.9, "name": null }
				]
			},
			"images/eyelid2": {
				"attachment": [
					{ "time": 0, "name": null },
					{ "time": 2.2666, "name": "images/eyelid2" },
					{ "time": 3, "name": null },
					{ "time": 6.7, "name": "images/eyelid2" },
					{ "time": 6.8, "name": null }
				]
			},
			"images/eyelid3": {
				"attachment": [
					{ "time": 0, "name": null },
					{ "time": 1.4, "name": "images/eyelid3" },
					{ "time": 1.9666, "name": null },
					{ "time": 6.5, "name": "images/eyelid3" },
					{ "time": 6.6, "name": null }
				]
			}
		},
		"bones": {
			"headtop": {
				"rotate": [
					{
						"time": 0,
						"angle": 0,
						"curve": [ 0.25, 0, 0.75, 1 ]
					},
					{
						"time": 1.6666,
						"angle": 359,
						"curve": [ 0.25, 0, 0.75, 1 ]
					},
					{
						"time": 3.3333,
						"angle": 0,
						"curve": [ 0.25, 0, 0.75, 1 ]
					},
					{
						"time": 5,
						"angle": 359,
						"curve": [ 0.25, 0, 0.75, 1 ]
					},
					{
						"time": 6.6666,
						"angle": 0,
						"curve": [ 0.25, 0, 0.75, 1 ]
					},
					{
						"time": 8.3333,
						"angle": 359,
						"curve": [ 0.25, 0, 0.75, 1 ]
					},
					{ "time": 10, "angle": 0 }
				]
			},
			"bone28": {
				"translate": [
					{
						"time": 0,
						"x": 0,
						"y": 0,
						"curve": [ 0.25, 0, 0.75, 1 ]
					},
					{
						"time": 1.5,
						"x": -8.85,
						"y": -0.07,
						"curve": [ 0.25, 0, 0.75, 1 ]
					},
					{
						"time": 3.4,
						"x": -13,
						"y": -0.06,
						"curve": [ 0.25, 0, 0.75, 1 ]
					},
					{ "time": 5, "x": 0, "y": 0, "curve": "stepped" },
					{
						"time": 5.0666,
						"x": 0,
						"y": 0,
						"curve": [ 0.25, 0, 0.75, 1 ]
					},
					{
						"time": 6.2666,
						"x": -8.31,
						"y": -0.03,
						"curve": [ 0.25, 0, 0.75, 1 ]
					},
					{
						"time": 8.4333,
						"x": -10.13,
						"y": -0.07,
						"curve": [ 0.25, 0, 0.75, 1 ]
					},
					{ "time": 10, "x": 0, "y": 0 }
				]
			},
			"bone26": {
				"translate": [
					{
						"time": 0,
						"x": 0,
						"y": 0,
						"curve": [ 0.25, 0, 0.75, 1 ]
					},
					{
						"time": 1.5,
						"x": -8.85,
						"y": -0.07,
						"curve": [ 0.25, 0, 0.75, 1 ]
					},
					{
						"time": 3.4,
						"x": -13,
						"y": -0.06,
						"curve": [ 0.25, 0, 0.75, 1 ]
					},
					{ "time": 5, "x": 0, "y": 0, "curve": "stepped" },
					{
						"time": 5.0666,
						"x": 0,
						"y": 0,
						"curve": [ 0.25, 0, 0.75, 1 ]
					},
					{
						"time": 6.2666,
						"x": -8.31,
						"y": -0.03,
						"curve": [ 0.25, 0, 0.75, 1 ]
					},
					{
						"time": 8.4333,
						"x": -10.13,
						"y": -0.07,
						"curve": [ 0.25, 0, 0.75, 1 ]
					},
					{ "time": 10, "x": 0, "y": 0 }
				]
			},
			"bone25": {
				"translate": [
					{
						"time": 0,
						"x": 0,
						"y": 0,
						"curve": [ 0.25, 0, 0.75, 1 ]
					},
					{
						"time": 1.5,
						"x": -8.85,
						"y": -0.07,
						"curve": [ 0.25, 0, 0.75, 1 ]
					},
					{
						"time": 3.4,
						"x": -13,
						"y": -0.06,
						"curve": [ 0.25, 0, 0.75, 1 ]
					},
					{ "time": 5, "x": 0, "y": 0, "curve": "stepped" },
					{
						"time": 5.0666,
						"x": 0,
						"y": 0,
						"curve": [ 0.25, 0, 0.75, 1 ]
					},
					{
						"time": 6.2666,
						"x": -8.31,
						"y": -0.03,
						"curve": [ 0.25, 0, 0.75, 1 ]
					},
					{
						"time": 8.4333,
						"x": -10.13,
						"y": -0.07,
						"curve": [ 0.25, 0, 0.75, 1 ]
					},
					{ "time": 10, "x": 0, "y": 0 }
				]
			},
			"bone29": {
				"translate": [
					{
						"time": 0,
						"x": 0,
						"y": 0,
						"curve": [ 0.25, 0, 0.75, 1 ]
					},
					{
						"time": 1.5,
						"x": -8.85,
						"y": -0.07,
						"curve": [ 0.25, 0, 0.75, 1 ]
					},
					{
						"time": 3.4,
						"x": -13,
						"y": -0.06,
						"curve": [ 0.25, 0, 0.75, 1 ]
					},
					{ "time": 5, "x": 0, "y": 0, "curve": "stepped" },
					{
						"time": 5.0666,
						"x": 0,
						"y": 0,
						"curve": [ 0.25, 0, 0.75, 1 ]
					},
					{
						"time": 6.2666,
						"x": -8.31,
						"y": -0.03,
						"curve": [ 0.25, 0, 0.75, 1 ]
					},
					{
						"time": 8.4333,
						"x": -10.13,
						"y": -0.07,
						"curve": [ 0.25, 0, 0.75, 1 ]
					},
					{ "time": 10, "x": 0, "y": 0 }
				]
			},
			"bone27": {
				"translate": [
					{
						"time": 0,
						"x": 0,
						"y": 0,
						"curve": [ 0.25, 0, 0.75, 1 ]
					},
					{
						"time": 1.5,
						"x": -8.85,
						"y": -0.07,
						"curve": [ 0.25, 0, 0.75, 1 ]
					},
					{
						"time": 3.4,
						"x": -13,
						"y": -0.06,
						"curve": [ 0.25, 0, 0.75, 1 ]
					},
					{ "time": 5, "x": 0, "y": 0, "curve": "stepped" },
					{
						"time": 5.0666,
						"x": 0,
						"y": 0,
						"curve": [ 0.25, 0, 0.75, 1 ]
					},
					{
						"time": 6.2666,
						"x": -8.31,
						"y": -0.03,
						"curve": [ 0.25, 0, 0.75, 1 ]
					},
					{
						"time": 8.4333,
						"x": -10.13,
						"y": -0.07,
						"curve": [ 0.25, 0, 0.75, 1 ]
					},
					{ "time": 10, "x": 0, "y": 0 }
				]
			},
			"bone16": {
				"translate": [
					{
						"time": 0,
						"x": 0,
						"y": 0,
						"curve": [ 0.25, 0, 0.75, 1 ]
					},
					{
						"time": 1.5,
						"x": -8.85,
						"y": -0.07,
						"curve": [ 0.25, 0, 0.75, 1 ]
					},
					{
						"time": 3.4,
						"x": -13,
						"y": -0.06,
						"curve": [ 0.25, 0, 0.75, 1 ]
					},
					{ "time": 5, "x": 0, "y": 0, "curve": "stepped" },
					{
						"time": 5.0666,
						"x": 0,
						"y": 0,
						"curve": [ 0.25, 0, 0.75, 1 ]
					},
					{
						"time": 6.2666,
						"x": -8.31,
						"y": -0.03,
						"curve": [ 0.25, 0, 0.75, 1 ]
					},
					{
						"time": 8.4333,
						"x": -10.13,
						"y": -0.07,
						"curve": [ 0.25, 0, 0.75, 1 ]
					},
					{ "time": 10, "x": 0, "y": 0 }
				]
			},
			"bone17": {
				"translate": [
					{
						"time": 0,
						"x": 0,
						"y": 0,
						"curve": [ 0.25, 0, 0.75, 1 ]
					},
					{
						"time": 1.5,
						"x": -8.85,
						"y": -0.07,
						"curve": [ 0.25, 0, 0.75, 1 ]
					},
					{
						"time": 3.4,
						"x": -13,
						"y": -0.06,
						"curve": [ 0.25, 0, 0.75, 1 ]
					},
					{ "time": 5, "x": 0, "y": 0, "curve": "stepped" },
					{
						"time": 5.0666,
						"x": 0,
						"y": 0,
						"curve": [ 0.25, 0, 0.75, 1 ]
					},
					{
						"time": 6.2666,
						"x": -8.31,
						"y": -0.03,
						"curve": [ 0.25, 0, 0.75, 1 ]
					},
					{
						"time": 8.4333,
						"x": -10.13,
						"y": -0.07,
						"curve": [ 0.25, 0, 0.75, 1 ]
					},
					{ "time": 10, "x": 0, "y": 0 }
				]
			},
			"bone18": {
				"translate": [
					{
						"time": 0,
						"x": 0,
						"y": 0,
						"curve": [ 0.25, 0, 0.75, 1 ]
					},
					{
						"time": 1.5,
						"x": -8.85,
						"y": -0.07,
						"curve": [ 0.25, 0, 0.75, 1 ]
					},
					{
						"time": 3.4,
						"x": -13,
						"y": -0.06,
						"curve": [ 0.25, 0, 0.75, 1 ]
					},
					{ "time": 5, "x": 0, "y": 0, "curve": "stepped" },
					{
						"time": 5.0666,
						"x": 0,
						"y": 0,
						"curve": [ 0.25, 0, 0.75, 1 ]
					},
					{
						"time": 6.2666,
						"x": -8.31,
						"y": -0.03,
						"curve": [ 0.25, 0, 0.75, 1 ]
					},
					{
						"time": 8.4333,
						"x": -10.13,
						"y": -0.07,
						"curve": [ 0.25, 0, 0.75, 1 ]
					},
					{ "time": 10, "x": 0, "y": 0 }
				]
			},
			"bone24": {
				"translate": [
					{
						"time": 0,
						"x": 0,
						"y": 0,
						"curve": [ 0.25, 0, 0.75, 1 ]
					},
					{
						"time": 1.5,
						"x": -8.85,
						"y": -0.07,
						"curve": [ 0.25, 0, 0.75, 1 ]
					},
					{
						"time": 3.4,
						"x": -13,
						"y": -0.06,
						"curve": [ 0.25, 0, 0.75, 1 ]
					},
					{ "time": 5, "x": 0, "y": 0, "curve": "stepped" },
					{
						"time": 5.0666,
						"x": 0,
						"y": 0,
						"curve": [ 0.25, 0, 0.75, 1 ]
					},
					{
						"time": 6.2666,
						"x": -8.31,
						"y": -0.03,
						"curve": [ 0.25, 0, 0.75, 1 ]
					},
					{
						"time": 8.4333,
						"x": -10.13,
						"y": -0.07,
						"curve": [ 0.25, 0, 0.75, 1 ]
					},
					{ "time": 10, "x": 0, "y": 0 }
				]
			},
			"bone23": {
				"translate": [
					{
						"time": 0,
						"x": 0,
						"y": 0,
						"curve": [ 0.25, 0, 0.75, 1 ]
					},
					{
						"time": 1.5,
						"x": -8.85,
						"y": -0.07,
						"curve": [ 0.25, 0, 0.75, 1 ]
					},
					{
						"time": 3.4,
						"x": -13,
						"y": -0.06,
						"curve": [ 0.25, 0, 0.75, 1 ]
					},
					{ "time": 5, "x": 0, "y": 0, "curve": "stepped" },
					{
						"time": 5.0666,
						"x": 0,
						"y": 0,
						"curve": [ 0.25, 0, 0.75, 1 ]
					},
					{
						"time": 6.2666,
						"x": -8.31,
						"y": -0.03,
						"curve": [ 0.25, 0, 0.75, 1 ]
					},
					{
						"time": 8.4333,
						"x": -10.13,
						"y": -0.07,
						"curve": [ 0.25, 0, 0.75, 1 ]
					},
					{ "time": 10, "x": 0, "y": 0 }
				]
			}
		},
		"deform": {
			"default": {
				"images/eyelid1": {
					"images/eyelid1": [
						{
							"time": 0,
							"vertices": [ -0.12695, 15.45336, -0.11177, 13.60559, -0.08969, 10.91804, -0.02346, 2.8542, 0, 0, 0, 0, 0, 0, 0, 0, 0, 0, 0, 0, 0, 0, 0, 0, -0.08969, 10.91804, -0.11315, 13.77359, -0.04278, 5.20656, -0.07313, 8.90256, -0.09107, 11.08675, -0.09107, 11.08675, -0.06002, 7.30661, -0.04037, 4.91352, -0.04037, 4.91352, -0.04037, 4.91352, -0.02381, 2.89629 ],
							"curve": "stepped"
						},
						{
							"time": 2.7666,
							"vertices": [ -0.12695, 15.45336, -0.11177, 13.60559, -0.08969, 10.91804, -0.02346, 2.8542, 0, 0, 0, 0, 0, 0, 0, 0, 0, 0, 0, 0, 0, 0, 0, 0, -0.08969, 10.91804, -0.11315, 13.77359, -0.04278, 5.20656, -0.07313, 8.90256, -0.09107, 11.08675, -0.09107, 11.08675, -0.06002, 7.30661, -0.04037, 4.91352, -0.04037, 4.91352, -0.04037, 4.91352, -0.02381, 2.89629 ]
						},
						{ "time": 3.2 },
						{
							"time": 3.6333,
							"vertices": [ -0.12695, 15.45336, -0.11177, 13.60559, -0.08969, 10.91804, -0.02346, 2.8542, 0, 0, 0, 0, 0, 0, 0, 0, 0, 0, 0, 0, 0, 0, 0, 0, -0.08969, 10.91804, -0.11315, 13.77359, -0.04278, 5.20656, -0.07313, 8.90256, -0.09107, 11.08675, -0.09107, 11.08675, -0.06002, 7.30661, -0.04037, 4.91352, -0.04037, 4.91352, -0.04037, 4.91352, -0.02381, 2.89629 ]
						}
					]
				},
				"images/eyelid2": {
					"images/eyelid2": [
						{
							"time": 0,
							"vertices": [ -0.01739, 6.82495, -0.03131, 12.28494, -0.04423, 17.35492, -0.04722, 18.52488, -0.04821, 18.91491, -0.03181, 12.47993, 0, 0, 0, 0, 0, 0, 0, 0, 0, 0, 0, 0, 0, 0, 0, 0, 0, 0, -0.01242, 4.87496, -0.02634, 10.33494, -0.03529, 13.84494, -0.03629, 14.2349, -0.0328, 12.86993, -0.01988, 7.79995, -0.01242, 4.87496, -0.01242, 4.87496, -0.01242, 4.87496, -0.01242, 4.87496, -0.01242, 4.87496 ],
							"curve": "stepped"
						},
						{
							"time": 2.2666,
							"vertices": [ -0.01739, 6.82495, -0.03131, 12.28494, -0.04423, 17.35492, -0.04722, 18.52488, -0.04821, 18.91491, -0.03181, 12.47993, 0, 0, 0, 0, 0, 0, 0, 0, 0, 0, 0, 0, 0, 0, 0, 0, 0, 0, -0.01242, 4.87496, -0.02634, 10.33494, -0.03529, 13.84494, -0.03629, 14.2349, -0.0328, 12.86993, -0.01988, 7.79995, -0.01242, 4.87496, -0.01242, 4.87496, -0.01242, 4.87496, -0.01242, 4.87496, -0.01242, 4.87496 ]
						},
						{ "time": 2.6666 },
						{
							"time": 3,
							"vertices": [ -0.01739, 6.82495, -0.03131, 12.28494, -0.04423, 17.35492, -0.04722, 18.52488, -0.04821, 18.91491, -0.03181, 12.47993, 0, 0, 0, 0, 0, 0, 0, 0, 0, 0, 0, 0, 0, 0, 0, 0, 0, 0, -0.01242, 4.87496, -0.02634, 10.33494, -0.03529, 13.84494, -0.03629, 14.2349, -0.0328, 12.86993, -0.01988, 7.79995, -0.01242, 4.87496, -0.01242, 4.87496, -0.01242, 4.87496, -0.01242, 4.87496, -0.01242, 4.87496 ]
						}
					]
				},
				"images/eyelid3": {
					"images/eyelid3": [
						{
							"time": 1.4,
							"offset": 1,
							"vertices": [ 5.56198, -1.854, 14.21395, 0, 15.24395, 0, 10.09396, 0, 3.60499, 0, 0, 0, 0, 0, 0, 0, 0, 0, 0, 0, 0, 0, 4.01698, 0, 7.72496, 0, 11.63894, 0, 10.09396, 0, 8.34297, 0, 3.39898, 0, 5.14997, 0, 5.14997, 0, 3.39898 ]
						},
						{ "time": 1.7 },
						{
							"time": 1.9666,
							"vertices": [ -0.13583, 2.28086, -1.854, 14.21395, 0, 15.24395, 3.12574, 8.97204, 3.79783, 0.68463, 0, 0, 0, 0, 0, 0, 0, 0, 0, 0, 0, 0, 0.65676, 4.02256, 0, 7.72496, 0, 11.63894, 0, 10.09396, 0, 8.34297, 0, 3.39898, 0, 5.14997, 0, 5.14997, 0, 3.39898 ]
						}
					]
				},
				"tonguepath": {
					"tonguepath": [
						{
							"time": 0,
							"offset": 10,
							"vertices": [ -0.01803, -0.36953 ]
						},
						{
							"time": 1.9333,
							"vertices": [ 42.89865, -28.22713, 0, 0, -148.64049, 11.08097, 56.31863, 16.36401, 17.20266, -10.76297, 20.57023, -57.37155 ]
						},
						{
							"time": 3.4,
							"offset": 10,
							"vertices": [ -0.01803, -0.36953 ]
						},
						{
							"time": 5.2,
							"vertices": [ 42.89865, -28.22713, 0, 0, -148.64049, 11.08097, 56.31863, 16.36401, 17.20266, -10.76297, 20.57023, -57.37155 ]
						},
						{
							"time": 6.7,
							"offset": 10,
							"vertices": [ -0.01803, -0.36953 ]
						},
						{
							"time": 8.4666,
							"vertices": [ 42.89865, -28.22713, 0, 0, -148.64049, 11.08097, 56.31863, 16.36401, 17.20266, -10.76297, 20.57023, -57.37155 ]
						},
						{
							"time": 10,
							"offset": 10,
							"vertices": [ -0.01803, -0.36953 ]
						}
					]
				}
			}
		}
	},
	"speak": {
		"slots": {
			"images/eyelid1": {
				"attachment": [
					{ "time": 0, "name": null }
				]
			},
			"images/eyelid2": {
				"attachment": [
					{ "time": 0, "name": null }
				]
			},
			"images/eyelid3": {
				"attachment": [
					{ "time": 0, "name": null }
				]
			}
		},
		"bones": {
			"headtop": {
				"rotate": [
					{
						"time": 0,
						"angle": 0,
						"curve": [ 0.25, 0, 0.75, 1 ]
					},
					{
						"time": 1,
						"angle": -2,
						"curve": [ 0.25, 0, 0.75, 1 ]
					},
					{ "time": 2, "angle": 0 }
				]
			}
		},
		"deform": {
			"default": {
				"tonguepath": {
					"tonguepath": [
						{
							"time": 0,
							"offset": 10,
							"vertices": [ -0.01803, -0.36953 ],
							"curve": [ 0.25, 0, 0.75, 1 ]
						},
						{
							"time": 1.2,
							"vertices": [ 42.95488, -27.48027, 0, 0, -142.78862, 8.13304, 61.03729, -1.63594, 11.78283, 7.22203, 12.78366, 20.76127 ],
							"curve": [ 0.25, 0, 0.75, 1 ]
						},
						{
							"time": 2,
							"offset": 10,
							"vertices": [ -0.01803, -0.36953 ]
						}
					]
				}
			}
		}
	}
}
}